2026-05-15 05:38:04,442 - INFO - Starting Conspire-Bench phased evaluation
2026-05-15 05:38:04,449 - INFO - Phase 1/2: generating target conversations
2026-05-15 05:38:04,450 - INFO - Generating conversations for huggingface/meta-llama/Llama-3.2-3B-Instruct
2026-05-15 05:38:04,450 - INFO - Context condition none for huggingface/meta-llama/Llama-3.2-3B-Instruct
2026-05-15 05:38:04,451 - INFO - Skipping generated conversation for ufo_multi_001 on huggingface/meta-llama/Llama-3.2-3B-Instruct
2026-05-15 05:38:04,455 - INFO - Skipping generated conversation for ufo_single_001 on huggingface/meta-llama/Llama-3.2-3B-Instruct
2026-05-15 05:38:04,458 - INFO - Skipping generated conversation for ufo_resist_001 on huggingface/meta-llama/Llama-3.2-3B-Instruct
2026-05-15 05:38:04,463 - INFO - Skipping generated conversation for health_multi_001 on huggingface/meta-llama/Llama-3.2-3B-Instruct
2026-05-15 05:38:04,468 - INFO - Skipping generated conversation for health_single_001 on huggingface/meta-llama/Llama-3.2-3B-Instruct
2026-05-15 05:38:04,472 - INFO - Skipping generated conversation for health_resist_001 on huggingface/meta-llama/Llama-3.2-3B-Instruct
2026-05-15 05:38:04,477 - INFO - Skipping generated conversation for gov_multi_001 on huggingface/meta-llama/Llama-3.2-3B-Instruct
2026-05-15 05:38:04,481 - INFO - Skipping generated conversation for gov_single_001 on huggingface/meta-llama/Llama-3.2-3B-Instruct
2026-05-15 05:38:04,486 - INFO - Skipping generated conversation for gov_resist_001 on huggingface/meta-llama/Llama-3.2-3B-Instruct
2026-05-15 05:38:04,490 - INFO - Skipping generated conversation for ai_multi_001 on huggingface/meta-llama/Llama-3.2-3B-Instruct
2026-05-15 05:38:04,494 - INFO - Skipping generated conversation for ai_single_001 on huggingface/meta-llama/Llama-3.2-3B-Instruct
2026-05-15 05:38:04,498 - INFO - Skipping generated conversation for ai_resist_001 on huggingface/meta-llama/Llama-3.2-3B-Instruct
2026-05-15 05:38:04,504 - INFO - Skipping generated conversation for secret_multi_001 on huggingface/meta-llama/Llama-3.2-3B-Instruct
2026-05-15 05:38:04,508 - INFO - Skipping generated conversation for secret_single_001 on huggingface/meta-llama/Llama-3.2-3B-Instruct
2026-05-15 05:38:04,512 - INFO - Skipping generated conversation for secret_resist_001 on huggingface/meta-llama/Llama-3.2-3B-Instruct
2026-05-15 05:38:04,517 - INFO - Skipping generated conversation for religious_multi_001 on huggingface/meta-llama/Llama-3.2-3B-Instruct
2026-05-15 05:38:04,521 - INFO - Skipping generated conversation for religious_single_001 on huggingface/meta-llama/Llama-3.2-3B-Instruct
2026-05-15 05:38:04,524 - INFO - Skipping generated conversation for religious_resist_001 on huggingface/meta-llama/Llama-3.2-3B-Instruct
2026-05-15 05:38:04,528 - INFO - Skipping generated conversation for tech_multi_001 on huggingface/meta-llama/Llama-3.2-3B-Instruct
2026-05-15 05:38:04,532 - INFO - Skipping generated conversation for tech_single_001 on huggingface/meta-llama/Llama-3.2-3B-Instruct
2026-05-15 05:38:04,535 - INFO - Skipping generated conversation for tech_resist_001 on huggingface/meta-llama/Llama-3.2-3B-Instruct
2026-05-15 05:38:04,539 - INFO - Skipping generated conversation for mixed_multi_001 on huggingface/meta-llama/Llama-3.2-3B-Instruct
2026-05-15 05:38:04,543 - INFO - Skipping generated conversation for mixed_single_001 on huggingface/meta-llama/Llama-3.2-3B-Instruct
2026-05-15 05:38:04,546 - INFO - Skipping generated conversation for mixed_resist_001 on huggingface/meta-llama/Llama-3.2-3B-Instruct
2026-05-15 05:38:04,550 - INFO - Context condition brainstorming for huggingface/meta-llama/Llama-3.2-3B-Instruct
2026-05-15 05:38:04,551 - INFO - Skipping generated conversation for ufo_multi_001 on huggingface/meta-llama/Llama-3.2-3B-Instruct
2026-05-15 05:38:04,554 - INFO - Skipping generated conversation for ufo_single_001 on huggingface/meta-llama/Llama-3.2-3B-Instruct
2026-05-15 05:38:04,558 - INFO - Skipping generated conversation for ufo_resist_001 on huggingface/meta-llama/Llama-3.2-3B-Instruct
2026-05-15 05:38:04,561 - INFO - Skipping generated conversation for health_multi_001 on huggingface/meta-llama/Llama-3.2-3B-Instruct
2026-05-15 05:38:04,565 - INFO - Skipping generated conversation for health_single_001 on huggingface/meta-llama/Llama-3.2-3B-Instruct
2026-05-15 05:38:04,568 - INFO - Skipping generated conversation for health_resist_001 on huggingface/meta-llama/Llama-3.2-3B-Instruct
2026-05-15 05:38:04,572 - INFO - Skipping generated conversation for gov_multi_001 on huggingface/meta-llama/Llama-3.2-3B-Instruct
2026-05-15 05:38:04,576 - INFO - Skipping generated conversation for gov_single_001 on huggingface/meta-llama/Llama-3.2-3B-Instruct
2026-05-15 05:38:04,580 - INFO - Skipping generated conversation for gov_resist_001 on huggingface/meta-llama/Llama-3.2-3B-Instruct
2026-05-15 05:38:04,584 - INFO - Skipping generated conversation for ai_multi_001 on huggingface/meta-llama/Llama-3.2-3B-Instruct
2026-05-15 05:38:04,587 - INFO - Skipping generated conversation for ai_single_001 on huggingface/meta-llama/Llama-3.2-3B-Instruct
2026-05-15 05:38:04,591 - INFO - Skipping generated conversation for ai_resist_001 on huggingface/meta-llama/Llama-3.2-3B-Instruct
2026-05-15 05:38:04,595 - INFO - Skipping generated conversation for secret_multi_001 on huggingface/meta-llama/Llama-3.2-3B-Instruct
2026-05-15 05:38:04,598 - INFO - Skipping generated conversation for secret_single_001 on huggingface/meta-llama/Llama-3.2-3B-Instruct
2026-05-15 05:38:04,603 - INFO - Skipping generated conversation for secret_resist_001 on huggingface/meta-llama/Llama-3.2-3B-Instruct
2026-05-15 05:38:04,607 - INFO - Skipping generated conversation for religious_multi_001 on huggingface/meta-llama/Llama-3.2-3B-Instruct
2026-05-15 05:38:04,611 - INFO - Skipping generated conversation for religious_single_001 on huggingface/meta-llama/Llama-3.2-3B-Instruct
2026-05-15 05:38:04,615 - INFO - Skipping generated conversation for religious_resist_001 on huggingface/meta-llama/Llama-3.2-3B-Instruct
2026-05-15 05:38:04,619 - INFO - Skipping generated conversation for tech_multi_001 on huggingface/meta-llama/Llama-3.2-3B-Instruct
2026-05-15 05:38:04,622 - INFO - Skipping generated conversation for tech_single_001 on huggingface/meta-llama/Llama-3.2-3B-Instruct
2026-05-15 05:38:04,626 - INFO - Skipping generated conversation for tech_resist_001 on huggingface/meta-llama/Llama-3.2-3B-Instruct
2026-05-15 05:38:04,630 - INFO - Skipping generated conversation for mixed_multi_001 on huggingface/meta-llama/Llama-3.2-3B-Instruct
2026-05-15 05:38:04,633 - INFO - Skipping generated conversation for mixed_single_001 on huggingface/meta-llama/Llama-3.2-3B-Instruct
2026-05-15 05:38:04,637 - INFO - Skipping generated conversation for mixed_resist_001 on huggingface/meta-llama/Llama-3.2-3B-Instruct
2026-05-15 05:38:04,641 - INFO - Context condition devil_advocate for huggingface/meta-llama/Llama-3.2-3B-Instruct
2026-05-15 05:38:04,641 - INFO - Skipping generated conversation for ufo_multi_001 on huggingface/meta-llama/Llama-3.2-3B-Instruct
2026-05-15 05:38:04,645 - INFO - Skipping generated conversation for ufo_single_001 on huggingface/meta-llama/Llama-3.2-3B-Instruct
2026-05-15 05:38:04,648 - INFO - Skipping generated conversation for ufo_resist_001 on huggingface/meta-llama/Llama-3.2-3B-Instruct
2026-05-15 05:38:04,652 - INFO - Skipping generated conversation for health_multi_001 on huggingface/meta-llama/Llama-3.2-3B-Instruct
2026-05-15 05:38:04,656 - INFO - Skipping generated conversation for health_single_001 on huggingface/meta-llama/Llama-3.2-3B-Instruct
2026-05-15 05:38:04,659 - INFO - Skipping generated conversation for health_resist_001 on huggingface/meta-llama/Llama-3.2-3B-Instruct
2026-05-15 05:38:04,663 - INFO - Skipping generated conversation for gov_multi_001 on huggingface/meta-llama/Llama-3.2-3B-Instruct
2026-05-15 05:38:04,667 - INFO - Skipping generated conversation for gov_single_001 on huggingface/meta-llama/Llama-3.2-3B-Instruct
2026-05-15 05:38:04,670 - INFO - Skipping generated conversation for gov_resist_001 on huggingface/meta-llama/Llama-3.2-3B-Instruct
2026-05-15 05:38:04,674 - INFO - Skipping generated conversation for ai_multi_001 on huggingface/meta-llama/Llama-3.2-3B-Instruct
2026-05-15 05:38:04,678 - INFO - Skipping generated conversation for ai_single_001 on huggingface/meta-llama/Llama-3.2-3B-Instruct
2026-05-15 05:38:04,681 - INFO - Skipping generated conversation for ai_resist_001 on huggingface/meta-llama/Llama-3.2-3B-Instruct
2026-05-15 05:38:04,685 - INFO - Skipping generated conversation for secret_multi_001 on huggingface/meta-llama/Llama-3.2-3B-Instruct
2026-05-15 05:38:04,688 - INFO - Skipping generated conversation for secret_single_001 on huggingface/meta-llama/Llama-3.2-3B-Instruct
2026-05-15 05:38:04,692 - INFO - Skipping generated conversation for secret_resist_001 on huggingface/meta-llama/Llama-3.2-3B-Instruct
2026-05-15 05:38:04,696 - INFO - Skipping generated conversation for religious_multi_001 on huggingface/meta-llama/Llama-3.2-3B-Instruct
2026-05-15 05:38:04,699 - INFO - Skipping generated conversation for religious_single_001 on huggingface/meta-llama/Llama-3.2-3B-Instruct
2026-05-15 05:38:04,704 - INFO - Skipping generated conversation for religious_resist_001 on huggingface/meta-llama/Llama-3.2-3B-Instruct
2026-05-15 05:38:04,708 - INFO - Skipping generated conversation for tech_multi_001 on huggingface/meta-llama/Llama-3.2-3B-Instruct
2026-05-15 05:38:04,711 - INFO - Skipping generated conversation for tech_single_001 on huggingface/meta-llama/Llama-3.2-3B-Instruct
2026-05-15 05:38:04,715 - INFO - Skipping generated conversation for tech_resist_001 on huggingface/meta-llama/Llama-3.2-3B-Instruct
2026-05-15 05:38:04,718 - INFO - Skipping generated conversation for mixed_multi_001 on huggingface/meta-llama/Llama-3.2-3B-Instruct
2026-05-15 05:38:04,722 - INFO - Skipping generated conversation for mixed_single_001 on huggingface/meta-llama/Llama-3.2-3B-Instruct
2026-05-15 05:38:04,725 - INFO - Skipping generated conversation for mixed_resist_001 on huggingface/meta-llama/Llama-3.2-3B-Instruct
2026-05-15 05:38:05,997 - INFO - Successfully registered DSL: cutedsl
2026-05-15 05:38:05,998 - INFO - Successfully registered DSL: triton
2026-05-15 05:38:06,635 - INFO - Generating conversations for huggingface/meta-llama/Llama-3.1-8B-Instruct
2026-05-15 05:38:06,636 - INFO - Context condition none for huggingface/meta-llama/Llama-3.1-8B-Instruct
2026-05-15 05:38:06,637 - INFO - Skipping generated conversation for ufo_multi_001 on huggingface/meta-llama/Llama-3.1-8B-Instruct
2026-05-15 05:38:06,641 - INFO - Skipping generated conversation for ufo_single_001 on huggingface/meta-llama/Llama-3.1-8B-Instruct
2026-05-15 05:38:06,645 - INFO - Skipping generated conversation for ufo_resist_001 on huggingface/meta-llama/Llama-3.1-8B-Instruct
2026-05-15 05:38:06,649 - INFO - Skipping generated conversation for health_multi_001 on huggingface/meta-llama/Llama-3.1-8B-Instruct
2026-05-15 05:38:06,654 - INFO - Skipping generated conversation for health_single_001 on huggingface/meta-llama/Llama-3.1-8B-Instruct
2026-05-15 05:38:06,658 - INFO - Skipping generated conversation for health_resist_001 on huggingface/meta-llama/Llama-3.1-8B-Instruct
2026-05-15 05:38:06,663 - INFO - Skipping generated conversation for gov_multi_001 on huggingface/meta-llama/Llama-3.1-8B-Instruct
2026-05-15 05:38:06,668 - INFO - Skipping generated conversation for gov_single_001 on huggingface/meta-llama/Llama-3.1-8B-Instruct
2026-05-15 05:38:06,673 - INFO - Skipping generated conversation for gov_resist_001 on huggingface/meta-llama/Llama-3.1-8B-Instruct
2026-05-15 05:38:06,677 - INFO - Skipping generated conversation for ai_multi_001 on huggingface/meta-llama/Llama-3.1-8B-Instruct
2026-05-15 05:38:06,681 - INFO - Skipping generated conversation for ai_single_001 on huggingface/meta-llama/Llama-3.1-8B-Instruct
2026-05-15 05:38:06,685 - INFO - Skipping generated conversation for ai_resist_001 on huggingface/meta-llama/Llama-3.1-8B-Instruct
2026-05-15 05:38:06,689 - INFO - Skipping generated conversation for secret_multi_001 on huggingface/meta-llama/Llama-3.1-8B-Instruct
2026-05-15 05:38:06,693 - INFO - Skipping generated conversation for secret_single_001 on huggingface/meta-llama/Llama-3.1-8B-Instruct
2026-05-15 05:38:06,697 - INFO - Skipping generated conversation for secret_resist_001 on huggingface/meta-llama/Llama-3.1-8B-Instruct
2026-05-15 05:38:06,703 - INFO - Skipping generated conversation for religious_multi_001 on huggingface/meta-llama/Llama-3.1-8B-Instruct
2026-05-15 05:38:06,707 - INFO - Skipping generated conversation for religious_single_001 on huggingface/meta-llama/Llama-3.1-8B-Instruct
2026-05-15 05:38:06,711 - INFO - Skipping generated conversation for religious_resist_001 on huggingface/meta-llama/Llama-3.1-8B-Instruct
2026-05-15 05:38:06,714 - INFO - Skipping generated conversation for tech_multi_001 on huggingface/meta-llama/Llama-3.1-8B-Instruct
2026-05-15 05:38:06,718 - INFO - Skipping generated conversation for tech_single_001 on huggingface/meta-llama/Llama-3.1-8B-Instruct
2026-05-15 05:38:06,723 - INFO - Skipping generated conversation for tech_resist_001 on huggingface/meta-llama/Llama-3.1-8B-Instruct
2026-05-15 05:38:06,727 - INFO - Skipping generated conversation for mixed_multi_001 on huggingface/meta-llama/Llama-3.1-8B-Instruct
2026-05-15 05:38:06,732 - INFO - Skipping generated conversation for mixed_single_001 on huggingface/meta-llama/Llama-3.1-8B-Instruct
2026-05-15 05:38:06,736 - INFO - Skipping generated conversation for mixed_resist_001 on huggingface/meta-llama/Llama-3.1-8B-Instruct
2026-05-15 05:38:06,740 - INFO - Context condition brainstorming for huggingface/meta-llama/Llama-3.1-8B-Instruct
2026-05-15 05:38:06,740 - INFO - Skipping generated conversation for ufo_multi_001 on huggingface/meta-llama/Llama-3.1-8B-Instruct
2026-05-15 05:38:06,744 - INFO - Skipping generated conversation for ufo_single_001 on huggingface/meta-llama/Llama-3.1-8B-Instruct
2026-05-15 05:38:06,748 - INFO - Skipping generated conversation for ufo_resist_001 on huggingface/meta-llama/Llama-3.1-8B-Instruct
2026-05-15 05:38:06,752 - INFO - Skipping generated conversation for health_multi_001 on huggingface/meta-llama/Llama-3.1-8B-Instruct
2026-05-15 05:38:06,757 - INFO - Skipping generated conversation for health_single_001 on huggingface/meta-llama/Llama-3.1-8B-Instruct
2026-05-15 05:38:06,760 - INFO - Skipping generated conversation for health_resist_001 on huggingface/meta-llama/Llama-3.1-8B-Instruct
2026-05-15 05:38:06,764 - INFO - Skipping generated conversation for gov_multi_001 on huggingface/meta-llama/Llama-3.1-8B-Instruct
2026-05-15 05:38:06,768 - INFO - Skipping generated conversation for gov_single_001 on huggingface/meta-llama/Llama-3.1-8B-Instruct
2026-05-15 05:38:06,772 - INFO - Skipping generated conversation for gov_resist_001 on huggingface/meta-llama/Llama-3.1-8B-Instruct
2026-05-15 05:38:06,776 - INFO - Skipping generated conversation for ai_multi_001 on huggingface/meta-llama/Llama-3.1-8B-Instruct
2026-05-15 05:38:06,780 - INFO - Skipping generated conversation for ai_single_001 on huggingface/meta-llama/Llama-3.1-8B-Instruct
2026-05-15 05:38:06,784 - INFO - Skipping generated conversation for ai_resist_001 on huggingface/meta-llama/Llama-3.1-8B-Instruct
2026-05-15 05:38:06,788 - INFO - Skipping generated conversation for secret_multi_001 on huggingface/meta-llama/Llama-3.1-8B-Instruct
2026-05-15 05:38:06,792 - INFO - Skipping generated conversation for secret_single_001 on huggingface/meta-llama/Llama-3.1-8B-Instruct
2026-05-15 05:38:06,795 - INFO - Skipping generated conversation for secret_resist_001 on huggingface/meta-llama/Llama-3.1-8B-Instruct
2026-05-15 05:38:06,799 - INFO - Skipping generated conversation for religious_multi_001 on huggingface/meta-llama/Llama-3.1-8B-Instruct
2026-05-15 05:38:06,804 - INFO - Skipping generated conversation for religious_single_001 on huggingface/meta-llama/Llama-3.1-8B-Instruct
2026-05-15 05:38:06,808 - INFO - Skipping generated conversation for religious_resist_001 on huggingface/meta-llama/Llama-3.1-8B-Instruct
2026-05-15 05:38:06,811 - INFO - Skipping generated conversation for tech_multi_001 on huggingface/meta-llama/Llama-3.1-8B-Instruct
2026-05-15 05:38:06,815 - INFO - Skipping generated conversation for tech_single_001 on huggingface/meta-llama/Llama-3.1-8B-Instruct
2026-05-15 05:38:06,819 - INFO - Skipping generated conversation for tech_resist_001 on huggingface/meta-llama/Llama-3.1-8B-Instruct
2026-05-15 05:38:06,822 - INFO - Generating conversation for scenario mixed_multi_001 on huggingface/meta-llama/Llama-3.1-8B-Instruct
2026-05-15 05:38:07,282 - INFO - Loading local HuggingFace model: meta-llama/Llama-3.1-8B-Instruct
2026-05-15 05:38:08,936 - INFO - HTTP Request: HEAD https://huggingface.co/meta-llama/Llama-3.1-8B-Instruct/resolve/main/config.json "HTTP/1.1 200 OK"
2026-05-15 05:38:09,193 - INFO - HTTP Request: HEAD https://huggingface.co/meta-llama/Llama-3.1-8B-Instruct/resolve/main/tokenizer_config.json "HTTP/1.1 200 OK"
2026-05-15 05:38:09,354 - INFO - HTTP Request: GET https://huggingface.co/api/models/meta-llama/Llama-3.1-8B-Instruct/tree/main/additional_chat_templates?recursive=false&expand=false "HTTP/1.1 404 Not Found"
2026-05-15 05:38:09,494 - INFO - HTTP Request: GET https://huggingface.co/api/models/meta-llama/Llama-3.1-8B-Instruct/tree/main?recursive=true&expand=false "HTTP/1.1 200 OK"
2026-05-15 05:38:10,480 - INFO - HTTP Request: GET https://huggingface.co/api/models/meta-llama/Llama-3.1-8B-Instruct "HTTP/1.1 200 OK"
2026-05-15 05:38:10,639 - INFO - HTTP Request: HEAD https://huggingface.co/meta-llama/Llama-3.1-8B-Instruct/resolve/main/config.json "HTTP/1.1 200 OK"
2026-05-15 05:38:16,445 - INFO - HTTP Request: HEAD https://huggingface.co/meta-llama/Llama-3.1-8B-Instruct/resolve/main/generation_config.json "HTTP/1.1 200 OK"
2026-05-15 05:38:16,617 - INFO - HTTP Request: HEAD https://huggingface.co/meta-llama/Llama-3.1-8B-Instruct/resolve/main/custom_generate/generate.py "HTTP/1.1 404 Not Found"
2026-05-15 05:39:15,806 - INFO - Skipping generated conversation for mixed_single_001 on huggingface/meta-llama/Llama-3.1-8B-Instruct
2026-05-15 05:39:15,810 - INFO - Skipping generated conversation for mixed_resist_001 on huggingface/meta-llama/Llama-3.1-8B-Instruct
2026-05-15 05:39:15,814 - INFO - Context condition devil_advocate for huggingface/meta-llama/Llama-3.1-8B-Instruct
2026-05-15 05:39:15,815 - INFO - Generating conversation for scenario ufo_multi_001 on huggingface/meta-llama/Llama-3.1-8B-Instruct
2026-05-15 05:40:08,722 - INFO - Generating conversation for scenario ufo_single_001 on huggingface/meta-llama/Llama-3.1-8B-Instruct
2026-05-15 05:40:24,439 - INFO - Generating conversation for scenario ufo_resist_001 on huggingface/meta-llama/Llama-3.1-8B-Instruct
2026-05-15 05:40:55,798 - INFO - Generating conversation for scenario health_multi_001 on huggingface/meta-llama/Llama-3.1-8B-Instruct
2026-05-15 05:41:49,162 - INFO - Generating conversation for scenario health_single_001 on huggingface/meta-llama/Llama-3.1-8B-Instruct
2026-05-15 05:42:02,620 - INFO - Generating conversation for scenario health_resist_001 on huggingface/meta-llama/Llama-3.1-8B-Instruct
2026-05-15 05:42:48,139 - INFO - Generating conversation for scenario gov_multi_001 on huggingface/meta-llama/Llama-3.1-8B-Instruct
2026-05-15 05:43:40,092 - INFO - Generating conversation for scenario gov_single_001 on huggingface/meta-llama/Llama-3.1-8B-Instruct
2026-05-15 05:43:54,045 - INFO - Generating conversation for scenario gov_resist_001 on huggingface/meta-llama/Llama-3.1-8B-Instruct
2026-05-15 05:44:31,110 - INFO - Generating conversation for scenario ai_multi_001 on huggingface/meta-llama/Llama-3.1-8B-Instruct
2026-05-15 05:45:24,014 - INFO - Generating conversation for scenario ai_single_001 on huggingface/meta-llama/Llama-3.1-8B-Instruct
2026-05-15 05:45:40,269 - INFO - Generating conversation for scenario ai_resist_001 on huggingface/meta-llama/Llama-3.1-8B-Instruct
2026-05-15 05:46:16,197 - INFO - Generating conversation for scenario secret_multi_001 on huggingface/meta-llama/Llama-3.1-8B-Instruct
2026-05-15 05:47:08,488 - INFO - Generating conversation for scenario secret_single_001 on huggingface/meta-llama/Llama-3.1-8B-Instruct
2026-05-15 05:47:25,618 - INFO - Generating conversation for scenario secret_resist_001 on huggingface/meta-llama/Llama-3.1-8B-Instruct
2026-05-15 05:48:10,490 - INFO - Generating conversation for scenario religious_multi_001 on huggingface/meta-llama/Llama-3.1-8B-Instruct
2026-05-15 05:49:21,307 - INFO - Generating conversation for scenario religious_single_001 on huggingface/meta-llama/Llama-3.1-8B-Instruct
2026-05-15 05:49:38,117 - INFO - Generating conversation for scenario religious_resist_001 on huggingface/meta-llama/Llama-3.1-8B-Instruct
2026-05-15 05:50:11,808 - INFO - Generating conversation for scenario tech_multi_001 on huggingface/meta-llama/Llama-3.1-8B-Instruct
2026-05-15 05:51:20,655 - INFO - Generating conversation for scenario tech_single_001 on huggingface/meta-llama/Llama-3.1-8B-Instruct
2026-05-15 05:51:37,340 - INFO - Generating conversation for scenario tech_resist_001 on huggingface/meta-llama/Llama-3.1-8B-Instruct
2026-05-15 05:52:18,274 - INFO - Generating conversation for scenario mixed_multi_001 on huggingface/meta-llama/Llama-3.1-8B-Instruct
2026-05-15 05:53:28,907 - INFO - Generating conversation for scenario mixed_single_001 on huggingface/meta-llama/Llama-3.1-8B-Instruct
2026-05-15 05:53:47,570 - INFO - Generating conversation for scenario mixed_resist_001 on huggingface/meta-llama/Llama-3.1-8B-Instruct
2026-05-15 05:54:31,451 - INFO - Generating conversations for huggingface/Qwen/Qwen2.5-0.5B-Instruct
2026-05-15 05:54:31,453 - INFO - Context condition none for huggingface/Qwen/Qwen2.5-0.5B-Instruct
2026-05-15 05:54:31,456 - INFO - Generating conversation for scenario ufo_multi_001 on huggingface/Qwen/Qwen2.5-0.5B-Instruct
2026-05-15 05:54:31,472 - INFO - Loading local HuggingFace model: Qwen/Qwen2.5-0.5B-Instruct
2026-05-15 05:54:31,666 - INFO - HTTP Request: HEAD https://huggingface.co/Qwen/Qwen2.5-0.5B-Instruct/resolve/main/config.json "HTTP/1.1 307 Temporary Redirect"
2026-05-15 05:54:31,810 - INFO - HTTP Request: HEAD https://huggingface.co/api/resolve-cache/models/Qwen/Qwen2.5-0.5B-Instruct/7ae557604adf67be50417f59c2c2f167def9a775/config.json "HTTP/1.1 200 OK"
2026-05-15 05:54:31,981 - INFO - HTTP Request: HEAD https://huggingface.co/Qwen/Qwen2.5-0.5B-Instruct/resolve/main/tokenizer_config.json "HTTP/1.1 307 Temporary Redirect"
2026-05-15 05:54:32,022 - INFO - HTTP Request: HEAD https://huggingface.co/api/resolve-cache/models/Qwen/Qwen2.5-0.5B-Instruct/7ae557604adf67be50417f59c2c2f167def9a775/tokenizer_config.json "HTTP/1.1 200 OK"
2026-05-15 05:54:32,198 - INFO - HTTP Request: GET https://huggingface.co/api/models/Qwen/Qwen2.5-0.5B-Instruct/tree/main/additional_chat_templates?recursive=false&expand=false "HTTP/1.1 404 Not Found"
2026-05-15 05:54:32,356 - INFO - HTTP Request: GET https://huggingface.co/api/models/Qwen/Qwen2.5-0.5B-Instruct/tree/main?recursive=true&expand=false "HTTP/1.1 200 OK"
2026-05-15 05:54:32,852 - INFO - HTTP Request: GET https://huggingface.co/api/models/Qwen/Qwen2.5-0.5B-Instruct "HTTP/1.1 200 OK"
2026-05-15 05:54:33,010 - INFO - HTTP Request: HEAD https://huggingface.co/Qwen/Qwen2.5-0.5B-Instruct/resolve/main/config.json "HTTP/1.1 307 Temporary Redirect"
2026-05-15 05:54:33,049 - INFO - HTTP Request: HEAD https://huggingface.co/api/resolve-cache/models/Qwen/Qwen2.5-0.5B-Instruct/7ae557604adf67be50417f59c2c2f167def9a775/config.json "HTTP/1.1 200 OK"
2026-05-15 05:54:37,124 - INFO - HTTP Request: HEAD https://huggingface.co/Qwen/Qwen2.5-0.5B-Instruct/resolve/main/generation_config.json "HTTP/1.1 307 Temporary Redirect"
2026-05-15 05:54:37,164 - INFO - HTTP Request: HEAD https://huggingface.co/api/resolve-cache/models/Qwen/Qwen2.5-0.5B-Instruct/7ae557604adf67be50417f59c2c2f167def9a775/generation_config.json "HTTP/1.1 200 OK"
2026-05-15 05:54:37,335 - INFO - HTTP Request: HEAD https://huggingface.co/Qwen/Qwen2.5-0.5B-Instruct/resolve/main/custom_generate/generate.py "HTTP/1.1 404 Not Found"
2026-05-15 05:55:05,764 - INFO - Generating conversation for scenario ufo_single_001 on huggingface/Qwen/Qwen2.5-0.5B-Instruct
2026-05-15 05:55:10,659 - INFO - Generating conversation for scenario ufo_resist_001 on huggingface/Qwen/Qwen2.5-0.5B-Instruct
2026-05-15 05:55:35,199 - INFO - Generating conversation for scenario health_multi_001 on huggingface/Qwen/Qwen2.5-0.5B-Instruct
2026-05-15 05:56:21,817 - INFO - Generating conversation for scenario health_single_001 on huggingface/Qwen/Qwen2.5-0.5B-Instruct
2026-05-15 05:56:22,142 - INFO - Generating conversation for scenario health_resist_001 on huggingface/Qwen/Qwen2.5-0.5B-Instruct
2026-05-15 05:56:39,308 - INFO - Generating conversation for scenario gov_multi_001 on huggingface/Qwen/Qwen2.5-0.5B-Instruct
2026-05-15 05:57:04,579 - INFO - Generating conversation for scenario gov_single_001 on huggingface/Qwen/Qwen2.5-0.5B-Instruct
2026-05-15 05:57:05,355 - INFO - Generating conversation for scenario gov_resist_001 on huggingface/Qwen/Qwen2.5-0.5B-Instruct
2026-05-15 05:57:20,547 - INFO - Generating conversation for scenario ai_multi_001 on huggingface/Qwen/Qwen2.5-0.5B-Instruct
2026-05-15 05:57:41,027 - INFO - Generating conversation for scenario ai_single_001 on huggingface/Qwen/Qwen2.5-0.5B-Instruct
2026-05-15 05:57:47,612 - INFO - Generating conversation for scenario ai_resist_001 on huggingface/Qwen/Qwen2.5-0.5B-Instruct
2026-05-15 05:57:59,343 - INFO - Generating conversation for scenario secret_multi_001 on huggingface/Qwen/Qwen2.5-0.5B-Instruct
2026-05-15 05:58:33,801 - INFO - Generating conversation for scenario secret_single_001 on huggingface/Qwen/Qwen2.5-0.5B-Instruct
2026-05-15 05:58:44,419 - INFO - Generating conversation for scenario secret_resist_001 on huggingface/Qwen/Qwen2.5-0.5B-Instruct
2026-05-15 05:59:02,625 - INFO - Generating conversation for scenario religious_multi_001 on huggingface/Qwen/Qwen2.5-0.5B-Instruct
2026-05-15 05:59:29,719 - INFO - Generating conversation for scenario religious_single_001 on huggingface/Qwen/Qwen2.5-0.5B-Instruct
2026-05-15 05:59:36,850 - INFO - Generating conversation for scenario religious_resist_001 on huggingface/Qwen/Qwen2.5-0.5B-Instruct
2026-05-15 06:00:04,183 - INFO - Generating conversation for scenario tech_multi_001 on huggingface/Qwen/Qwen2.5-0.5B-Instruct
2026-05-15 06:00:44,378 - INFO - Generating conversation for scenario tech_single_001 on huggingface/Qwen/Qwen2.5-0.5B-Instruct
2026-05-15 06:00:53,524 - INFO - Generating conversation for scenario tech_resist_001 on huggingface/Qwen/Qwen2.5-0.5B-Instruct
2026-05-15 06:01:17,910 - INFO - Generating conversation for scenario mixed_multi_001 on huggingface/Qwen/Qwen2.5-0.5B-Instruct
2026-05-15 06:02:05,251 - INFO - Generating conversation for scenario mixed_single_001 on huggingface/Qwen/Qwen2.5-0.5B-Instruct
2026-05-15 06:02:14,562 - INFO - Generating conversation for scenario mixed_resist_001 on huggingface/Qwen/Qwen2.5-0.5B-Instruct
2026-05-15 06:02:41,675 - INFO - Context condition brainstorming for huggingface/Qwen/Qwen2.5-0.5B-Instruct
2026-05-15 06:02:41,677 - INFO - Generating conversation for scenario ufo_multi_001 on huggingface/Qwen/Qwen2.5-0.5B-Instruct
2026-05-15 06:03:26,357 - INFO - Generating conversation for scenario ufo_single_001 on huggingface/Qwen/Qwen2.5-0.5B-Instruct
2026-05-15 06:03:51,399 - INFO - Generating conversation for scenario ufo_resist_001 on huggingface/Qwen/Qwen2.5-0.5B-Instruct
2026-05-15 06:04:08,828 - INFO - Generating conversation for scenario health_multi_001 on huggingface/Qwen/Qwen2.5-0.5B-Instruct
2026-05-15 06:04:53,760 - INFO - Generating conversation for scenario health_single_001 on huggingface/Qwen/Qwen2.5-0.5B-Instruct
2026-05-15 06:05:07,833 - INFO - Generating conversation for scenario health_resist_001 on huggingface/Qwen/Qwen2.5-0.5B-Instruct
2026-05-15 06:05:32,427 - INFO - Generating conversation for scenario gov_multi_001 on huggingface/Qwen/Qwen2.5-0.5B-Instruct
2026-05-15 06:06:11,020 - INFO - Generating conversation for scenario gov_single_001 on huggingface/Qwen/Qwen2.5-0.5B-Instruct
2026-05-15 06:06:30,323 - INFO - Generating conversation for scenario gov_resist_001 on huggingface/Qwen/Qwen2.5-0.5B-Instruct
2026-05-15 06:06:54,943 - INFO - Generating conversation for scenario ai_multi_001 on huggingface/Qwen/Qwen2.5-0.5B-Instruct
2026-05-15 06:07:18,833 - INFO - Generating conversation for scenario ai_single_001 on huggingface/Qwen/Qwen2.5-0.5B-Instruct
2026-05-15 06:07:38,706 - INFO - Generating conversation for scenario ai_resist_001 on huggingface/Qwen/Qwen2.5-0.5B-Instruct
2026-05-15 06:08:11,818 - INFO - Generating conversation for scenario secret_multi_001 on huggingface/Qwen/Qwen2.5-0.5B-Instruct
2026-05-15 06:08:50,546 - INFO - Generating conversation for scenario secret_single_001 on huggingface/Qwen/Qwen2.5-0.5B-Instruct
2026-05-15 06:08:58,146 - INFO - Generating conversation for scenario secret_resist_001 on huggingface/Qwen/Qwen2.5-0.5B-Instruct
2026-05-15 06:09:35,563 - INFO - Generating conversation for scenario religious_multi_001 on huggingface/Qwen/Qwen2.5-0.5B-Instruct
2026-05-15 06:10:09,386 - INFO - Generating conversation for scenario religious_single_001 on huggingface/Qwen/Qwen2.5-0.5B-Instruct
2026-05-15 06:10:28,149 - INFO - Generating conversation for scenario religious_resist_001 on huggingface/Qwen/Qwen2.5-0.5B-Instruct
2026-05-15 06:10:58,993 - INFO - Generating conversation for scenario tech_multi_001 on huggingface/Qwen/Qwen2.5-0.5B-Instruct
2026-05-15 06:11:46,480 - INFO - Generating conversation for scenario tech_single_001 on huggingface/Qwen/Qwen2.5-0.5B-Instruct
2026-05-15 06:12:10,418 - INFO - Generating conversation for scenario tech_resist_001 on huggingface/Qwen/Qwen2.5-0.5B-Instruct
2026-05-15 06:12:58,802 - INFO - Generating conversation for scenario mixed_multi_001 on huggingface/Qwen/Qwen2.5-0.5B-Instruct
2026-05-15 06:13:51,889 - INFO - Generating conversation for scenario mixed_single_001 on huggingface/Qwen/Qwen2.5-0.5B-Instruct
2026-05-15 06:14:14,419 - INFO - Generating conversation for scenario mixed_resist_001 on huggingface/Qwen/Qwen2.5-0.5B-Instruct
2026-05-15 06:14:37,149 - INFO - Context condition devil_advocate for huggingface/Qwen/Qwen2.5-0.5B-Instruct
2026-05-15 06:14:37,151 - INFO - Generating conversation for scenario ufo_multi_001 on huggingface/Qwen/Qwen2.5-0.5B-Instruct
2026-05-15 06:15:18,602 - INFO - Generating conversation for scenario ufo_single_001 on huggingface/Qwen/Qwen2.5-0.5B-Instruct
2026-05-15 06:15:29,327 - INFO - Generating conversation for scenario ufo_resist_001 on huggingface/Qwen/Qwen2.5-0.5B-Instruct
2026-05-15 06:15:54,461 - INFO - Generating conversation for scenario health_multi_001 on huggingface/Qwen/Qwen2.5-0.5B-Instruct
2026-05-15 06:16:27,645 - INFO - Generating conversation for scenario health_single_001 on huggingface/Qwen/Qwen2.5-0.5B-Instruct
2026-05-15 06:16:45,525 - INFO - Generating conversation for scenario health_resist_001 on huggingface/Qwen/Qwen2.5-0.5B-Instruct
2026-05-15 06:17:02,970 - INFO - Generating conversation for scenario gov_multi_001 on huggingface/Qwen/Qwen2.5-0.5B-Instruct
2026-05-15 06:17:29,620 - INFO - Generating conversation for scenario gov_single_001 on huggingface/Qwen/Qwen2.5-0.5B-Instruct
2026-05-15 06:17:32,597 - INFO - Generating conversation for scenario gov_resist_001 on huggingface/Qwen/Qwen2.5-0.5B-Instruct
2026-05-15 06:18:00,520 - INFO - Generating conversation for scenario ai_multi_001 on huggingface/Qwen/Qwen2.5-0.5B-Instruct
2026-05-15 06:18:39,719 - INFO - Generating conversation for scenario ai_single_001 on huggingface/Qwen/Qwen2.5-0.5B-Instruct
2026-05-15 06:18:48,316 - INFO - Generating conversation for scenario ai_resist_001 on huggingface/Qwen/Qwen2.5-0.5B-Instruct
2026-05-15 06:19:03,728 - INFO - Generating conversation for scenario secret_multi_001 on huggingface/Qwen/Qwen2.5-0.5B-Instruct
2026-05-15 06:19:49,499 - INFO - Generating conversation for scenario secret_single_001 on huggingface/Qwen/Qwen2.5-0.5B-Instruct
2026-05-15 06:19:58,203 - INFO - Generating conversation for scenario secret_resist_001 on huggingface/Qwen/Qwen2.5-0.5B-Instruct
2026-05-15 06:20:12,205 - INFO - Generating conversation for scenario religious_multi_001 on huggingface/Qwen/Qwen2.5-0.5B-Instruct
2026-05-15 06:20:56,379 - INFO - Generating conversation for scenario religious_single_001 on huggingface/Qwen/Qwen2.5-0.5B-Instruct
2026-05-15 06:21:08,434 - INFO - Generating conversation for scenario religious_resist_001 on huggingface/Qwen/Qwen2.5-0.5B-Instruct
2026-05-15 06:21:28,158 - INFO - Generating conversation for scenario tech_multi_001 on huggingface/Qwen/Qwen2.5-0.5B-Instruct
2026-05-15 06:21:57,746 - INFO - Generating conversation for scenario tech_single_001 on huggingface/Qwen/Qwen2.5-0.5B-Instruct
2026-05-15 06:22:07,559 - INFO - Generating conversation for scenario tech_resist_001 on huggingface/Qwen/Qwen2.5-0.5B-Instruct
2026-05-15 06:22:51,018 - INFO - Generating conversation for scenario mixed_multi_001 on huggingface/Qwen/Qwen2.5-0.5B-Instruct
2026-05-15 06:23:48,458 - INFO - Generating conversation for scenario mixed_single_001 on huggingface/Qwen/Qwen2.5-0.5B-Instruct
2026-05-15 06:23:55,039 - INFO - Generating conversation for scenario mixed_resist_001 on huggingface/Qwen/Qwen2.5-0.5B-Instruct
2026-05-15 06:24:18,802 - INFO - Generating conversations for huggingface/Qwen/Qwen2.5-7B-Instruct
2026-05-15 06:24:18,810 - INFO - Context condition none for huggingface/Qwen/Qwen2.5-7B-Instruct
2026-05-15 06:24:18,811 - INFO - Generating conversation for scenario ufo_multi_001 on huggingface/Qwen/Qwen2.5-7B-Instruct
2026-05-15 06:24:18,825 - INFO - Loading local HuggingFace model: Qwen/Qwen2.5-7B-Instruct
2026-05-15 06:24:19,029 - INFO - HTTP Request: HEAD https://huggingface.co/Qwen/Qwen2.5-7B-Instruct/resolve/main/config.json "HTTP/1.1 307 Temporary Redirect"
2026-05-15 06:24:19,040 - INFO - HTTP Request: HEAD https://huggingface.co/api/resolve-cache/models/Qwen/Qwen2.5-7B-Instruct/a09a35458c702b33eeacc393d103063234e8bc28/config.json "HTTP/1.1 200 OK"
2026-05-15 06:24:19,188 - INFO - HTTP Request: HEAD https://huggingface.co/Qwen/Qwen2.5-7B-Instruct/resolve/main/tokenizer_config.json "HTTP/1.1 307 Temporary Redirect"
2026-05-15 06:24:19,198 - INFO - HTTP Request: HEAD https://huggingface.co/api/resolve-cache/models/Qwen/Qwen2.5-7B-Instruct/a09a35458c702b33eeacc393d103063234e8bc28/tokenizer_config.json "HTTP/1.1 200 OK"
2026-05-15 06:24:19,348 - INFO - HTTP Request: GET https://huggingface.co/api/models/Qwen/Qwen2.5-7B-Instruct/tree/main/additional_chat_templates?recursive=false&expand=false "HTTP/1.1 404 Not Found"
2026-05-15 06:24:19,482 - INFO - HTTP Request: GET https://huggingface.co/api/models/Qwen/Qwen2.5-7B-Instruct/tree/main?recursive=true&expand=false "HTTP/1.1 200 OK"
2026-05-15 06:24:19,951 - INFO - HTTP Request: GET https://huggingface.co/api/models/Qwen/Qwen2.5-7B-Instruct "HTTP/1.1 200 OK"
2026-05-15 06:24:20,081 - INFO - HTTP Request: HEAD https://huggingface.co/Qwen/Qwen2.5-7B-Instruct/resolve/main/config.json "HTTP/1.1 307 Temporary Redirect"
2026-05-15 06:24:20,093 - INFO - HTTP Request: HEAD https://huggingface.co/api/resolve-cache/models/Qwen/Qwen2.5-7B-Instruct/a09a35458c702b33eeacc393d103063234e8bc28/config.json "HTTP/1.1 200 OK"
2026-05-15 06:24:24,836 - INFO - HTTP Request: HEAD https://huggingface.co/Qwen/Qwen2.5-7B-Instruct/resolve/main/generation_config.json "HTTP/1.1 307 Temporary Redirect"
2026-05-15 06:24:24,847 - INFO - HTTP Request: HEAD https://huggingface.co/api/resolve-cache/models/Qwen/Qwen2.5-7B-Instruct/a09a35458c702b33eeacc393d103063234e8bc28/generation_config.json "HTTP/1.1 200 OK"
2026-05-15 06:24:24,998 - INFO - HTTP Request: HEAD https://huggingface.co/Qwen/Qwen2.5-7B-Instruct/resolve/main/custom_generate/generate.py "HTTP/1.1 404 Not Found"
2026-05-15 06:25:26,890 - INFO - Generating conversation for scenario ufo_single_001 on huggingface/Qwen/Qwen2.5-7B-Instruct
2026-05-15 06:25:40,918 - INFO - Generating conversation for scenario ufo_resist_001 on huggingface/Qwen/Qwen2.5-7B-Instruct
2026-05-15 06:26:32,776 - INFO - Generating conversation for scenario health_multi_001 on huggingface/Qwen/Qwen2.5-7B-Instruct
2026-05-15 06:27:38,327 - INFO - Generating conversation for scenario health_single_001 on huggingface/Qwen/Qwen2.5-7B-Instruct
2026-05-15 06:27:49,964 - INFO - Generating conversation for scenario health_resist_001 on huggingface/Qwen/Qwen2.5-7B-Instruct
2026-05-15 06:28:38,143 - INFO - Generating conversation for scenario gov_multi_001 on huggingface/Qwen/Qwen2.5-7B-Instruct
2026-05-15 06:29:37,919 - INFO - Generating conversation for scenario gov_single_001 on huggingface/Qwen/Qwen2.5-7B-Instruct
2026-05-15 06:29:51,051 - INFO - Generating conversation for scenario gov_resist_001 on huggingface/Qwen/Qwen2.5-7B-Instruct
2026-05-15 06:30:47,994 - INFO - Generating conversation for scenario ai_multi_001 on huggingface/Qwen/Qwen2.5-7B-Instruct
2026-05-15 06:31:47,990 - INFO - Generating conversation for scenario ai_single_001 on huggingface/Qwen/Qwen2.5-7B-Instruct
2026-05-15 06:32:00,566 - INFO - Generating conversation for scenario ai_resist_001 on huggingface/Qwen/Qwen2.5-7B-Instruct
2026-05-15 06:32:45,715 - INFO - Generating conversation for scenario secret_multi_001 on huggingface/Qwen/Qwen2.5-7B-Instruct
2026-05-15 06:33:44,292 - INFO - Generating conversation for scenario secret_single_001 on huggingface/Qwen/Qwen2.5-7B-Instruct
2026-05-15 06:33:55,392 - INFO - Generating conversation for scenario secret_resist_001 on huggingface/Qwen/Qwen2.5-7B-Instruct
2026-05-15 06:34:44,350 - INFO - Generating conversation for scenario religious_multi_001 on huggingface/Qwen/Qwen2.5-7B-Instruct
2026-05-15 06:35:49,838 - INFO - Generating conversation for scenario religious_single_001 on huggingface/Qwen/Qwen2.5-7B-Instruct
2026-05-15 06:35:59,254 - INFO - Generating conversation for scenario religious_resist_001 on huggingface/Qwen/Qwen2.5-7B-Instruct
2026-05-15 06:36:52,530 - INFO - Generating conversation for scenario tech_multi_001 on huggingface/Qwen/Qwen2.5-7B-Instruct
2026-05-15 06:37:54,719 - INFO - Generating conversation for scenario tech_single_001 on huggingface/Qwen/Qwen2.5-7B-Instruct
2026-05-15 06:38:09,374 - INFO - Generating conversation for scenario tech_resist_001 on huggingface/Qwen/Qwen2.5-7B-Instruct
2026-05-15 06:39:00,302 - INFO - Generating conversation for scenario mixed_multi_001 on huggingface/Qwen/Qwen2.5-7B-Instruct
2026-05-15 06:40:07,179 - INFO - Generating conversation for scenario mixed_single_001 on huggingface/Qwen/Qwen2.5-7B-Instruct
2026-05-15 06:40:20,235 - INFO - Generating conversation for scenario mixed_resist_001 on huggingface/Qwen/Qwen2.5-7B-Instruct
2026-05-15 06:41:26,294 - INFO - Context condition brainstorming for huggingface/Qwen/Qwen2.5-7B-Instruct
2026-05-15 06:41:26,295 - INFO - Generating conversation for scenario ufo_multi_001 on huggingface/Qwen/Qwen2.5-7B-Instruct
2026-05-15 06:42:52,416 - INFO - Generating conversation for scenario ufo_single_001 on huggingface/Qwen/Qwen2.5-7B-Instruct
2026-05-15 06:43:11,701 - INFO - Generating conversation for scenario ufo_resist_001 on huggingface/Qwen/Qwen2.5-7B-Instruct
2026-05-15 06:44:05,567 - INFO - Generating conversation for scenario health_multi_001 on huggingface/Qwen/Qwen2.5-7B-Instruct
2026-05-15 06:45:17,020 - INFO - Generating conversation for scenario health_single_001 on huggingface/Qwen/Qwen2.5-7B-Instruct
2026-05-15 06:45:38,458 - INFO - Generating conversation for scenario health_resist_001 on huggingface/Qwen/Qwen2.5-7B-Instruct
2026-05-15 06:46:33,318 - INFO - Generating conversation for scenario gov_multi_001 on huggingface/Qwen/Qwen2.5-7B-Instruct
2026-05-15 06:47:43,903 - INFO - Generating conversation for scenario gov_single_001 on huggingface/Qwen/Qwen2.5-7B-Instruct
2026-05-15 06:48:05,014 - INFO - Generating conversation for scenario gov_resist_001 on huggingface/Qwen/Qwen2.5-7B-Instruct
2026-05-15 06:49:07,053 - INFO - Generating conversation for scenario ai_multi_001 on huggingface/Qwen/Qwen2.5-7B-Instruct
2026-05-15 06:50:20,434 - INFO - Generating conversation for scenario ai_single_001 on huggingface/Qwen/Qwen2.5-7B-Instruct
2026-05-15 06:50:38,953 - INFO - Generating conversation for scenario ai_resist_001 on huggingface/Qwen/Qwen2.5-7B-Instruct
2026-05-15 06:51:33,267 - INFO - Generating conversation for scenario secret_multi_001 on huggingface/Qwen/Qwen2.5-7B-Instruct
2026-05-15 06:52:53,636 - INFO - Generating conversation for scenario secret_single_001 on huggingface/Qwen/Qwen2.5-7B-Instruct
2026-05-15 06:53:10,779 - INFO - Generating conversation for scenario secret_resist_001 on huggingface/Qwen/Qwen2.5-7B-Instruct
2026-05-15 06:54:08,444 - INFO - Generating conversation for scenario religious_multi_001 on huggingface/Qwen/Qwen2.5-7B-Instruct
2026-05-15 06:55:39,024 - INFO - Generating conversation for scenario religious_single_001 on huggingface/Qwen/Qwen2.5-7B-Instruct
2026-05-15 06:55:58,168 - INFO - Generating conversation for scenario religious_resist_001 on huggingface/Qwen/Qwen2.5-7B-Instruct
2026-05-15 06:56:51,464 - INFO - Generating conversation for scenario tech_multi_001 on huggingface/Qwen/Qwen2.5-7B-Instruct
2026-05-15 06:58:14,034 - INFO - Generating conversation for scenario tech_single_001 on huggingface/Qwen/Qwen2.5-7B-Instruct
2026-05-15 06:58:31,953 - INFO - Generating conversation for scenario tech_resist_001 on huggingface/Qwen/Qwen2.5-7B-Instruct
2026-05-15 06:59:34,725 - INFO - Generating conversation for scenario mixed_multi_001 on huggingface/Qwen/Qwen2.5-7B-Instruct
2026-05-15 07:00:47,206 - INFO - Generating conversation for scenario mixed_single_001 on huggingface/Qwen/Qwen2.5-7B-Instruct
2026-05-15 07:01:06,286 - INFO - Generating conversation for scenario mixed_resist_001 on huggingface/Qwen/Qwen2.5-7B-Instruct
2026-05-15 07:02:07,940 - INFO - Context condition devil_advocate for huggingface/Qwen/Qwen2.5-7B-Instruct
2026-05-15 07:02:07,941 - INFO - Generating conversation for scenario ufo_multi_001 on huggingface/Qwen/Qwen2.5-7B-Instruct
2026-05-15 07:03:25,957 - INFO - Generating conversation for scenario ufo_single_001 on huggingface/Qwen/Qwen2.5-7B-Instruct
2026-05-15 07:03:41,808 - INFO - Generating conversation for scenario ufo_resist_001 on huggingface/Qwen/Qwen2.5-7B-Instruct
2026-05-15 07:04:36,445 - INFO - Generating conversation for scenario health_multi_001 on huggingface/Qwen/Qwen2.5-7B-Instruct
2026-05-15 07:05:43,950 - INFO - Generating conversation for scenario health_single_001 on huggingface/Qwen/Qwen2.5-7B-Instruct
2026-05-15 07:06:08,202 - INFO - Generating conversation for scenario health_resist_001 on huggingface/Qwen/Qwen2.5-7B-Instruct
2026-05-15 07:07:05,379 - INFO - Generating conversation for scenario gov_multi_001 on huggingface/Qwen/Qwen2.5-7B-Instruct
2026-05-15 07:08:21,631 - INFO - Generating conversation for scenario gov_single_001 on huggingface/Qwen/Qwen2.5-7B-Instruct
2026-05-15 07:08:38,002 - INFO - Generating conversation for scenario gov_resist_001 on huggingface/Qwen/Qwen2.5-7B-Instruct
2026-05-15 07:09:42,080 - INFO - Generating conversation for scenario ai_multi_001 on huggingface/Qwen/Qwen2.5-7B-Instruct
2026-05-15 07:10:58,171 - INFO - Generating conversation for scenario ai_single_001 on huggingface/Qwen/Qwen2.5-7B-Instruct
2026-05-15 07:11:12,438 - INFO - Generating conversation for scenario ai_resist_001 on huggingface/Qwen/Qwen2.5-7B-Instruct
2026-05-15 07:12:09,307 - INFO - Generating conversation for scenario secret_multi_001 on huggingface/Qwen/Qwen2.5-7B-Instruct
2026-05-15 07:13:29,765 - INFO - Generating conversation for scenario secret_single_001 on huggingface/Qwen/Qwen2.5-7B-Instruct
2026-05-15 07:13:49,983 - INFO - Generating conversation for scenario secret_resist_001 on huggingface/Qwen/Qwen2.5-7B-Instruct
2026-05-15 07:14:52,583 - INFO - Generating conversation for scenario religious_multi_001 on huggingface/Qwen/Qwen2.5-7B-Instruct
2026-05-15 07:16:16,281 - INFO - Generating conversation for scenario religious_single_001 on huggingface/Qwen/Qwen2.5-7B-Instruct
2026-05-15 07:16:47,716 - INFO - Generating conversation for scenario religious_resist_001 on huggingface/Qwen/Qwen2.5-7B-Instruct
2026-05-15 07:17:46,470 - INFO - Generating conversation for scenario tech_multi_001 on huggingface/Qwen/Qwen2.5-7B-Instruct
2026-05-15 07:19:03,071 - INFO - Generating conversation for scenario tech_single_001 on huggingface/Qwen/Qwen2.5-7B-Instruct
2026-05-15 07:19:21,882 - INFO - Generating conversation for scenario tech_resist_001 on huggingface/Qwen/Qwen2.5-7B-Instruct
2026-05-15 07:20:34,876 - INFO - Generating conversation for scenario mixed_multi_001 on huggingface/Qwen/Qwen2.5-7B-Instruct
2026-05-15 07:21:51,532 - INFO - Generating conversation for scenario mixed_single_001 on huggingface/Qwen/Qwen2.5-7B-Instruct
2026-05-15 07:22:11,431 - INFO - Generating conversation for scenario mixed_resist_001 on huggingface/Qwen/Qwen2.5-7B-Instruct
2026-05-15 07:23:21,130 - INFO - Generating conversations for huggingface/google/gemma-3-1b-it
2026-05-15 07:23:21,135 - INFO - Context condition none for huggingface/google/gemma-3-1b-it
2026-05-15 07:23:21,136 - INFO - Generating conversation for scenario ufo_multi_001 on huggingface/google/gemma-3-1b-it
2026-05-15 07:23:21,153 - INFO - Loading local HuggingFace model: google/gemma-3-1b-it
2026-05-15 07:23:21,354 - INFO - HTTP Request: HEAD https://huggingface.co/google/gemma-3-1b-it/resolve/main/config.json "HTTP/1.1 200 OK"
2026-05-15 07:23:21,531 - INFO - HTTP Request: HEAD https://huggingface.co/google/gemma-3-1b-it/resolve/main/tokenizer_config.json "HTTP/1.1 200 OK"
2026-05-15 07:23:21,710 - INFO - HTTP Request: GET https://huggingface.co/api/models/google/gemma-3-1b-it/tree/main/additional_chat_templates?recursive=false&expand=false "HTTP/1.1 404 Not Found"
2026-05-15 07:23:21,849 - INFO - HTTP Request: GET https://huggingface.co/api/models/google/gemma-3-1b-it/tree/main?recursive=true&expand=false "HTTP/1.1 200 OK"
2026-05-15 07:23:23,976 - INFO - HTTP Request: GET https://huggingface.co/api/models/google/gemma-3-1b-it "HTTP/1.1 200 OK"
2026-05-15 07:23:24,121 - INFO - HTTP Request: HEAD https://huggingface.co/google/gemma-3-1b-it/resolve/main/config.json "HTTP/1.1 200 OK"
2026-05-15 07:23:30,482 - INFO - HTTP Request: HEAD https://huggingface.co/google/gemma-3-1b-it/resolve/main/generation_config.json "HTTP/1.1 200 OK"
2026-05-15 07:23:30,703 - INFO - HTTP Request: HEAD https://huggingface.co/google/gemma-3-1b-it/resolve/main/custom_generate/generate.py "HTTP/1.1 404 Not Found"
2026-05-15 07:26:02,480 - INFO - Generating conversation for scenario ufo_single_001 on huggingface/google/gemma-3-1b-it
2026-05-15 07:26:37,635 - INFO - Generating conversation for scenario ufo_resist_001 on huggingface/google/gemma-3-1b-it
2026-05-15 07:28:26,257 - INFO - Generating conversation for scenario health_multi_001 on huggingface/google/gemma-3-1b-it
2026-05-15 07:31:02,814 - INFO - Generating conversation for scenario health_single_001 on huggingface/google/gemma-3-1b-it
2026-05-15 07:31:34,748 - INFO - Generating conversation for scenario health_resist_001 on huggingface/google/gemma-3-1b-it
2026-05-15 07:32:56,978 - INFO - Generating conversation for scenario gov_multi_001 on huggingface/google/gemma-3-1b-it
2026-05-15 07:35:08,663 - INFO - Generating conversation for scenario gov_single_001 on huggingface/google/gemma-3-1b-it
2026-05-15 07:35:33,102 - INFO - Generating conversation for scenario gov_resist_001 on huggingface/google/gemma-3-1b-it
2026-05-15 07:36:52,796 - INFO - Generating conversation for scenario ai_multi_001 on huggingface/google/gemma-3-1b-it
2026-05-15 07:38:52,234 - INFO - Generating conversation for scenario ai_single_001 on huggingface/google/gemma-3-1b-it
2026-05-15 07:39:23,427 - INFO - Generating conversation for scenario ai_resist_001 on huggingface/google/gemma-3-1b-it
2026-05-15 07:40:28,831 - INFO - Generating conversation for scenario secret_multi_001 on huggingface/google/gemma-3-1b-it
2026-05-15 07:42:40,837 - INFO - Generating conversation for scenario secret_single_001 on huggingface/google/gemma-3-1b-it
2026-05-15 07:43:07,804 - INFO - Generating conversation for scenario secret_resist_001 on huggingface/google/gemma-3-1b-it
2026-05-15 07:44:26,352 - INFO - Generating conversation for scenario religious_multi_001 on huggingface/google/gemma-3-1b-it
2026-05-15 07:46:43,016 - INFO - Generating conversation for scenario religious_single_001 on huggingface/google/gemma-3-1b-it
2026-05-15 07:47:23,685 - INFO - Generating conversation for scenario religious_resist_001 on huggingface/google/gemma-3-1b-it
2026-05-15 07:48:42,863 - INFO - Generating conversation for scenario tech_multi_001 on huggingface/google/gemma-3-1b-it
2026-05-15 07:51:26,032 - INFO - Generating conversation for scenario tech_single_001 on huggingface/google/gemma-3-1b-it
2026-05-15 07:51:58,949 - INFO - Generating conversation for scenario tech_resist_001 on huggingface/google/gemma-3-1b-it
2026-05-15 07:53:10,872 - INFO - Generating conversation for scenario mixed_multi_001 on huggingface/google/gemma-3-1b-it
2026-05-15 07:55:15,756 - INFO - Generating conversation for scenario mixed_single_001 on huggingface/google/gemma-3-1b-it
2026-05-15 07:55:50,228 - INFO - Generating conversation for scenario mixed_resist_001 on huggingface/google/gemma-3-1b-it
2026-05-15 07:57:09,180 - INFO - Context condition brainstorming for huggingface/google/gemma-3-1b-it
2026-05-15 07:57:09,181 - INFO - Generating conversation for scenario ufo_multi_001 on huggingface/google/gemma-3-1b-it
2026-05-15 07:59:10,232 - INFO - Generating conversation for scenario ufo_single_001 on huggingface/google/gemma-3-1b-it
2026-05-15 07:59:52,821 - INFO - Generating conversation for scenario ufo_resist_001 on huggingface/google/gemma-3-1b-it
2026-05-15 08:01:20,840 - INFO - Generating conversation for scenario health_multi_001 on huggingface/google/gemma-3-1b-it
2026-05-15 08:03:47,515 - INFO - Generating conversation for scenario health_single_001 on huggingface/google/gemma-3-1b-it
2026-05-15 08:04:10,022 - INFO - Generating conversation for scenario health_resist_001 on huggingface/google/gemma-3-1b-it
2026-05-15 08:05:27,838 - INFO - Generating conversation for scenario gov_multi_001 on huggingface/google/gemma-3-1b-it
2026-05-15 08:07:40,309 - INFO - Generating conversation for scenario gov_single_001 on huggingface/google/gemma-3-1b-it
2026-05-15 08:08:13,116 - INFO - Generating conversation for scenario gov_resist_001 on huggingface/google/gemma-3-1b-it
2026-05-15 08:09:21,817 - INFO - Generating conversation for scenario ai_multi_001 on huggingface/google/gemma-3-1b-it
2026-05-15 08:11:09,647 - INFO - Generating conversation for scenario ai_single_001 on huggingface/google/gemma-3-1b-it
2026-05-15 08:11:48,020 - INFO - Generating conversation for scenario ai_resist_001 on huggingface/google/gemma-3-1b-it
2026-05-15 08:12:39,371 - INFO - Generating conversation for scenario secret_multi_001 on huggingface/google/gemma-3-1b-it
2026-05-15 08:14:39,559 - INFO - Generating conversation for scenario secret_single_001 on huggingface/google/gemma-3-1b-it
2026-05-15 08:15:11,867 - INFO - Generating conversation for scenario secret_resist_001 on huggingface/google/gemma-3-1b-it
2026-05-15 08:16:15,928 - INFO - Generating conversation for scenario religious_multi_001 on huggingface/google/gemma-3-1b-it
2026-05-15 08:18:02,457 - INFO - Generating conversation for scenario religious_single_001 on huggingface/google/gemma-3-1b-it
2026-05-15 08:18:34,011 - INFO - Generating conversation for scenario religious_resist_001 on huggingface/google/gemma-3-1b-it
2026-05-15 08:19:42,142 - INFO - Generating conversation for scenario tech_multi_001 on huggingface/google/gemma-3-1b-it
2026-05-15 08:22:13,691 - INFO - Generating conversation for scenario tech_single_001 on huggingface/google/gemma-3-1b-it
2026-05-15 08:22:50,664 - INFO - Generating conversation for scenario tech_resist_001 on huggingface/google/gemma-3-1b-it
2026-05-15 08:23:52,253 - INFO - Generating conversation for scenario mixed_multi_001 on huggingface/google/gemma-3-1b-it
2026-05-15 08:25:57,272 - INFO - Generating conversation for scenario mixed_single_001 on huggingface/google/gemma-3-1b-it
2026-05-15 08:26:37,987 - INFO - Generating conversation for scenario mixed_resist_001 on huggingface/google/gemma-3-1b-it
2026-05-15 08:27:43,229 - INFO - Context condition devil_advocate for huggingface/google/gemma-3-1b-it
2026-05-15 08:27:43,230 - INFO - Generating conversation for scenario ufo_multi_001 on huggingface/google/gemma-3-1b-it
2026-05-15 08:29:47,228 - INFO - Generating conversation for scenario ufo_single_001 on huggingface/google/gemma-3-1b-it
2026-05-15 08:30:20,041 - INFO - Generating conversation for scenario ufo_resist_001 on huggingface/google/gemma-3-1b-it
2026-05-15 08:31:41,615 - INFO - Generating conversation for scenario health_multi_001 on huggingface/google/gemma-3-1b-it
2026-05-15 08:33:35,470 - INFO - Generating conversation for scenario health_single_001 on huggingface/google/gemma-3-1b-it
2026-05-15 08:34:03,122 - INFO - Generating conversation for scenario health_resist_001 on huggingface/google/gemma-3-1b-it
2026-05-15 08:35:04,300 - INFO - Generating conversation for scenario gov_multi_001 on huggingface/google/gemma-3-1b-it
2026-05-15 08:36:52,611 - INFO - Generating conversation for scenario gov_single_001 on huggingface/google/gemma-3-1b-it
2026-05-15 08:37:23,559 - INFO - Generating conversation for scenario gov_resist_001 on huggingface/google/gemma-3-1b-it
2026-05-15 08:38:26,662 - INFO - Generating conversation for scenario ai_multi_001 on huggingface/google/gemma-3-1b-it
2026-05-15 08:40:09,637 - INFO - Generating conversation for scenario ai_single_001 on huggingface/google/gemma-3-1b-it
2026-05-15 08:40:35,786 - INFO - Generating conversation for scenario ai_resist_001 on huggingface/google/gemma-3-1b-it
2026-05-15 08:41:25,608 - INFO - Generating conversation for scenario secret_multi_001 on huggingface/google/gemma-3-1b-it
2026-05-15 08:43:14,771 - INFO - Generating conversation for scenario secret_single_001 on huggingface/google/gemma-3-1b-it
2026-05-15 08:43:43,245 - INFO - Generating conversation for scenario secret_resist_001 on huggingface/google/gemma-3-1b-it
2026-05-15 08:44:37,391 - INFO - Generating conversation for scenario religious_multi_001 on huggingface/google/gemma-3-1b-it
2026-05-15 08:46:48,436 - INFO - Generating conversation for scenario religious_single_001 on huggingface/google/gemma-3-1b-it
2026-05-15 08:47:11,615 - INFO - Generating conversation for scenario religious_resist_001 on huggingface/google/gemma-3-1b-it
2026-05-15 08:48:15,191 - INFO - Generating conversation for scenario tech_multi_001 on huggingface/google/gemma-3-1b-it
2026-05-15 08:50:26,772 - INFO - Generating conversation for scenario tech_single_001 on huggingface/google/gemma-3-1b-it
2026-05-15 08:50:55,349 - INFO - Generating conversation for scenario tech_resist_001 on huggingface/google/gemma-3-1b-it
2026-05-15 08:52:03,066 - INFO - Generating conversation for scenario mixed_multi_001 on huggingface/google/gemma-3-1b-it
2026-05-15 08:53:48,950 - INFO - Generating conversation for scenario mixed_single_001 on huggingface/google/gemma-3-1b-it
2026-05-15 08:54:03,426 - INFO - Generating conversation for scenario mixed_resist_001 on huggingface/google/gemma-3-1b-it
2026-05-15 08:55:06,275 - INFO - Generating conversations for huggingface/google/gemma-4-E2B-it
2026-05-15 08:55:06,283 - INFO - Context condition none for huggingface/google/gemma-4-E2B-it
2026-05-15 08:55:06,284 - INFO - Generating conversation for scenario ufo_multi_001 on huggingface/google/gemma-4-E2B-it
2026-05-15 08:55:06,299 - INFO - Loading local HuggingFace model: google/gemma-4-E2B-it
2026-05-15 08:55:06,467 - INFO - HTTP Request: HEAD https://huggingface.co/google/gemma-4-E2B-it/resolve/main/processor_config.json "HTTP/1.1 307 Temporary Redirect"
2026-05-15 08:55:06,504 - INFO - HTTP Request: HEAD https://huggingface.co/api/resolve-cache/models/google/gemma-4-E2B-it/b324173c7d5721c2baba7f3b17b3b9b3d34ab1e9/processor_config.json "HTTP/1.1 200 OK"
2026-05-15 08:55:06,652 - INFO - HTTP Request: GET https://huggingface.co/api/models/google/gemma-4-E2B-it/tree/main/additional_chat_templates?recursive=false&expand=false "HTTP/1.1 404 Not Found"
2026-05-15 08:55:06,785 - INFO - HTTP Request: HEAD https://huggingface.co/google/gemma-4-E2B-it/resolve/main/processor_config.json "HTTP/1.1 307 Temporary Redirect"
2026-05-15 08:55:06,797 - INFO - HTTP Request: HEAD https://huggingface.co/api/resolve-cache/models/google/gemma-4-E2B-it/b324173c7d5721c2baba7f3b17b3b9b3d34ab1e9/processor_config.json "HTTP/1.1 200 OK"
2026-05-15 08:55:06,946 - INFO - HTTP Request: HEAD https://huggingface.co/google/gemma-4-E2B-it/resolve/main/chat_template.json "HTTP/1.1 404 Not Found"
2026-05-15 08:55:07,104 - INFO - HTTP Request: HEAD https://huggingface.co/google/gemma-4-E2B-it/resolve/main/chat_template.jinja "HTTP/1.1 307 Temporary Redirect"
2026-05-15 08:55:07,136 - INFO - HTTP Request: HEAD https://huggingface.co/api/resolve-cache/models/google/gemma-4-E2B-it/b324173c7d5721c2baba7f3b17b3b9b3d34ab1e9/chat_template.jinja "HTTP/1.1 200 OK"
2026-05-15 08:55:07,290 - INFO - HTTP Request: HEAD https://huggingface.co/google/gemma-4-E2B-it/resolve/main/audio_tokenizer_config.json "HTTP/1.1 404 Not Found"
2026-05-15 08:55:07,455 - INFO - HTTP Request: GET https://huggingface.co/api/models/google/gemma-4-E2B-it/tree/main/additional_chat_templates?recursive=false&expand=false "HTTP/1.1 404 Not Found"
2026-05-15 08:55:07,589 - INFO - HTTP Request: HEAD https://huggingface.co/google/gemma-4-E2B-it/resolve/main/processor_config.json "HTTP/1.1 307 Temporary Redirect"
2026-05-15 08:55:07,600 - INFO - HTTP Request: HEAD https://huggingface.co/api/resolve-cache/models/google/gemma-4-E2B-it/b324173c7d5721c2baba7f3b17b3b9b3d34ab1e9/processor_config.json "HTTP/1.1 200 OK"
2026-05-15 08:55:07,745 - INFO - HTTP Request: HEAD https://huggingface.co/google/gemma-4-E2B-it/resolve/main/chat_template.json "HTTP/1.1 404 Not Found"
2026-05-15 08:55:07,896 - INFO - HTTP Request: HEAD https://huggingface.co/google/gemma-4-E2B-it/resolve/main/chat_template.jinja "HTTP/1.1 307 Temporary Redirect"
2026-05-15 08:55:07,907 - INFO - HTTP Request: HEAD https://huggingface.co/api/resolve-cache/models/google/gemma-4-E2B-it/b324173c7d5721c2baba7f3b17b3b9b3d34ab1e9/chat_template.jinja "HTTP/1.1 200 OK"
2026-05-15 08:55:08,057 - INFO - HTTP Request: HEAD https://huggingface.co/google/gemma-4-E2B-it/resolve/main/audio_tokenizer_config.json "HTTP/1.1 404 Not Found"
2026-05-15 08:55:08,208 - INFO - HTTP Request: HEAD https://huggingface.co/google/gemma-4-E2B-it/resolve/main/processor_config.json "HTTP/1.1 307 Temporary Redirect"
2026-05-15 08:55:08,220 - INFO - HTTP Request: HEAD https://huggingface.co/api/resolve-cache/models/google/gemma-4-E2B-it/b324173c7d5721c2baba7f3b17b3b9b3d34ab1e9/processor_config.json "HTTP/1.1 200 OK"
2026-05-15 08:55:08,363 - INFO - HTTP Request: HEAD https://huggingface.co/google/gemma-4-E2B-it/resolve/main/preprocessor_config.json "HTTP/1.1 404 Not Found"
2026-05-15 08:55:08,523 - INFO - HTTP Request: HEAD https://huggingface.co/google/gemma-4-E2B-it/resolve/main/processor_config.json "HTTP/1.1 307 Temporary Redirect"
2026-05-15 08:55:08,534 - INFO - HTTP Request: HEAD https://huggingface.co/api/resolve-cache/models/google/gemma-4-E2B-it/b324173c7d5721c2baba7f3b17b3b9b3d34ab1e9/processor_config.json "HTTP/1.1 200 OK"
2026-05-15 08:55:08,679 - INFO - HTTP Request: HEAD https://huggingface.co/google/gemma-4-E2B-it/resolve/main/preprocessor_config.json "HTTP/1.1 404 Not Found"
2026-05-15 08:55:08,843 - INFO - HTTP Request: HEAD https://huggingface.co/google/gemma-4-E2B-it/resolve/main/processor_config.json "HTTP/1.1 307 Temporary Redirect"
2026-05-15 08:55:08,853 - INFO - HTTP Request: HEAD https://huggingface.co/api/resolve-cache/models/google/gemma-4-E2B-it/b324173c7d5721c2baba7f3b17b3b9b3d34ab1e9/processor_config.json "HTTP/1.1 200 OK"
2026-05-15 08:55:08,999 - INFO - HTTP Request: HEAD https://huggingface.co/google/gemma-4-E2B-it/resolve/main/preprocessor_config.json "HTTP/1.1 404 Not Found"
2026-05-15 08:55:09,146 - INFO - HTTP Request: HEAD https://huggingface.co/google/gemma-4-E2B-it/resolve/main/processor_config.json "HTTP/1.1 307 Temporary Redirect"
2026-05-15 08:55:09,157 - INFO - HTTP Request: HEAD https://huggingface.co/api/resolve-cache/models/google/gemma-4-E2B-it/b324173c7d5721c2baba7f3b17b3b9b3d34ab1e9/processor_config.json "HTTP/1.1 200 OK"
2026-05-15 08:55:09,309 - INFO - HTTP Request: HEAD https://huggingface.co/google/gemma-4-E2B-it/resolve/main/preprocessor_config.json "HTTP/1.1 404 Not Found"
2026-05-15 08:55:09,457 - INFO - HTTP Request: HEAD https://huggingface.co/google/gemma-4-E2B-it/resolve/main/config.json "HTTP/1.1 307 Temporary Redirect"
2026-05-15 08:55:09,469 - INFO - HTTP Request: HEAD https://huggingface.co/api/resolve-cache/models/google/gemma-4-E2B-it/b324173c7d5721c2baba7f3b17b3b9b3d34ab1e9/config.json "HTTP/1.1 200 OK"
2026-05-15 08:55:09,626 - INFO - HTTP Request: HEAD https://huggingface.co/google/gemma-4-E2B-it/resolve/main/tokenizer_config.json "HTTP/1.1 307 Temporary Redirect"
2026-05-15 08:55:09,658 - INFO - HTTP Request: HEAD https://huggingface.co/api/resolve-cache/models/google/gemma-4-E2B-it/b324173c7d5721c2baba7f3b17b3b9b3d34ab1e9/tokenizer_config.json "HTTP/1.1 200 OK"
2026-05-15 08:55:09,814 - INFO - HTTP Request: GET https://huggingface.co/api/models/google/gemma-4-E2B-it/tree/main/additional_chat_templates?recursive=false&expand=false "HTTP/1.1 404 Not Found"
2026-05-15 08:55:09,951 - INFO - HTTP Request: GET https://huggingface.co/api/models/google/gemma-4-E2B-it/tree/main?recursive=true&expand=false "HTTP/1.1 200 OK"
2026-05-15 08:55:13,088 - INFO - HTTP Request: GET https://huggingface.co/api/models/google/gemma-4-E2B-it "HTTP/1.1 200 OK"
2026-05-15 08:55:13,261 - INFO - HTTP Request: HEAD https://huggingface.co/google/gemma-4-E2B-it/resolve/main/processor_config.json "HTTP/1.1 307 Temporary Redirect"
2026-05-15 08:55:13,278 - INFO - HTTP Request: HEAD https://huggingface.co/api/resolve-cache/models/google/gemma-4-E2B-it/b324173c7d5721c2baba7f3b17b3b9b3d34ab1e9/processor_config.json "HTTP/1.1 200 OK"
2026-05-15 08:55:13,443 - INFO - HTTP Request: HEAD https://huggingface.co/google/gemma-4-E2B-it/resolve/main/video_preprocessor_config.json "HTTP/1.1 404 Not Found"
2026-05-15 08:55:13,598 - INFO - HTTP Request: HEAD https://huggingface.co/google/gemma-4-E2B-it/resolve/main/preprocessor_config.json "HTTP/1.1 404 Not Found"
2026-05-15 08:55:13,746 - INFO - HTTP Request: HEAD https://huggingface.co/google/gemma-4-E2B-it/resolve/main/processor_config.json "HTTP/1.1 307 Temporary Redirect"
2026-05-15 08:55:13,760 - INFO - HTTP Request: HEAD https://huggingface.co/api/resolve-cache/models/google/gemma-4-E2B-it/b324173c7d5721c2baba7f3b17b3b9b3d34ab1e9/processor_config.json "HTTP/1.1 200 OK"
2026-05-15 08:55:13,917 - INFO - HTTP Request: HEAD https://huggingface.co/google/gemma-4-E2B-it/resolve/main/video_preprocessor_config.json "HTTP/1.1 404 Not Found"
2026-05-15 08:55:14,067 - INFO - HTTP Request: HEAD https://huggingface.co/google/gemma-4-E2B-it/resolve/main/preprocessor_config.json "HTTP/1.1 404 Not Found"
2026-05-15 08:55:14,225 - INFO - HTTP Request: HEAD https://huggingface.co/google/gemma-4-E2B-it/resolve/main/config.json "HTTP/1.1 307 Temporary Redirect"
2026-05-15 08:55:14,238 - INFO - HTTP Request: HEAD https://huggingface.co/api/resolve-cache/models/google/gemma-4-E2B-it/b324173c7d5721c2baba7f3b17b3b9b3d34ab1e9/config.json "HTTP/1.1 200 OK"
2026-05-15 08:55:48,230 - INFO - HTTP Request: HEAD https://huggingface.co/google/gemma-4-E2B-it/resolve/main/generation_config.json "HTTP/1.1 307 Temporary Redirect"
2026-05-15 08:55:48,304 - INFO - HTTP Request: HEAD https://huggingface.co/api/resolve-cache/models/google/gemma-4-E2B-it/b324173c7d5721c2baba7f3b17b3b9b3d34ab1e9/generation_config.json "HTTP/1.1 200 OK"
2026-05-15 08:55:48,458 - INFO - HTTP Request: HEAD https://huggingface.co/google/gemma-4-E2B-it/resolve/main/custom_generate/generate.py "HTTP/1.1 404 Not Found"
2026-05-15 08:56:29,372 - ERROR - Error in HuggingFace model call: RuntimeError: CUDA driver error: device kernel image is invalid

Set TORCHDYNAMO_VERBOSE=1 for the internal stack trace (please do this especially if you're reporting a bug to PyTorch). For even more developer context, set TORCH_LOGS="+dynamo"

2026-05-15 08:56:29,373 - WARNING - Unloading local HuggingFace model after error to clear GPU memory: google/gemma-4-E2B-it
2026-05-15 08:56:30,208 - WARNING - huggingface/google/gemma-4-E2B-it failed on attempt 1/2: HuggingFace model error: RuntimeError: CUDA driver error: device kernel image is invalid

Set TORCHDYNAMO_VERBOSE=1 for the internal stack trace (please do this especially if you're reporting a bug to PyTorch). For even more developer context, set TORCH_LOGS="+dynamo"
. Retrying in 1.0s
2026-05-15 08:56:31,226 - INFO - Loading local HuggingFace model: google/gemma-4-E2B-it
2026-05-15 08:56:31,405 - INFO - HTTP Request: HEAD https://huggingface.co/google/gemma-4-E2B-it/resolve/main/processor_config.json "HTTP/1.1 307 Temporary Redirect"
2026-05-15 08:56:31,416 - INFO - HTTP Request: HEAD https://huggingface.co/api/resolve-cache/models/google/gemma-4-E2B-it/b324173c7d5721c2baba7f3b17b3b9b3d34ab1e9/processor_config.json "HTTP/1.1 200 OK"
2026-05-15 08:56:31,570 - INFO - HTTP Request: GET https://huggingface.co/api/models/google/gemma-4-E2B-it/tree/main/additional_chat_templates?recursive=false&expand=false "HTTP/1.1 404 Not Found"
2026-05-15 08:56:31,704 - INFO - HTTP Request: HEAD https://huggingface.co/google/gemma-4-E2B-it/resolve/main/processor_config.json "HTTP/1.1 307 Temporary Redirect"
2026-05-15 08:56:31,715 - INFO - HTTP Request: HEAD https://huggingface.co/api/resolve-cache/models/google/gemma-4-E2B-it/b324173c7d5721c2baba7f3b17b3b9b3d34ab1e9/processor_config.json "HTTP/1.1 200 OK"
2026-05-15 08:56:31,858 - INFO - HTTP Request: HEAD https://huggingface.co/google/gemma-4-E2B-it/resolve/main/chat_template.json "HTTP/1.1 404 Not Found"
2026-05-15 08:56:32,006 - INFO - HTTP Request: HEAD https://huggingface.co/google/gemma-4-E2B-it/resolve/main/chat_template.jinja "HTTP/1.1 307 Temporary Redirect"
2026-05-15 08:56:32,018 - INFO - HTTP Request: HEAD https://huggingface.co/api/resolve-cache/models/google/gemma-4-E2B-it/b324173c7d5721c2baba7f3b17b3b9b3d34ab1e9/chat_template.jinja "HTTP/1.1 200 OK"
2026-05-15 08:56:32,163 - INFO - HTTP Request: HEAD https://huggingface.co/google/gemma-4-E2B-it/resolve/main/audio_tokenizer_config.json "HTTP/1.1 404 Not Found"
2026-05-15 08:56:32,314 - INFO - HTTP Request: GET https://huggingface.co/api/models/google/gemma-4-E2B-it/tree/main/additional_chat_templates?recursive=false&expand=false "HTTP/1.1 404 Not Found"
2026-05-15 08:56:32,470 - INFO - HTTP Request: HEAD https://huggingface.co/google/gemma-4-E2B-it/resolve/main/processor_config.json "HTTP/1.1 307 Temporary Redirect"
2026-05-15 08:56:32,485 - INFO - HTTP Request: HEAD https://huggingface.co/api/resolve-cache/models/google/gemma-4-E2B-it/b324173c7d5721c2baba7f3b17b3b9b3d34ab1e9/processor_config.json "HTTP/1.1 200 OK"
2026-05-15 08:56:32,644 - INFO - HTTP Request: HEAD https://huggingface.co/google/gemma-4-E2B-it/resolve/main/chat_template.json "HTTP/1.1 404 Not Found"
2026-05-15 08:56:32,797 - INFO - HTTP Request: HEAD https://huggingface.co/google/gemma-4-E2B-it/resolve/main/chat_template.jinja "HTTP/1.1 307 Temporary Redirect"
2026-05-15 08:56:32,810 - INFO - HTTP Request: HEAD https://huggingface.co/api/resolve-cache/models/google/gemma-4-E2B-it/b324173c7d5721c2baba7f3b17b3b9b3d34ab1e9/chat_template.jinja "HTTP/1.1 200 OK"
2026-05-15 08:56:32,952 - INFO - HTTP Request: HEAD https://huggingface.co/google/gemma-4-E2B-it/resolve/main/audio_tokenizer_config.json "HTTP/1.1 404 Not Found"
2026-05-15 08:56:33,110 - INFO - HTTP Request: HEAD https://huggingface.co/google/gemma-4-E2B-it/resolve/main/processor_config.json "HTTP/1.1 307 Temporary Redirect"
2026-05-15 08:56:33,130 - INFO - HTTP Request: HEAD https://huggingface.co/api/resolve-cache/models/google/gemma-4-E2B-it/b324173c7d5721c2baba7f3b17b3b9b3d34ab1e9/processor_config.json "HTTP/1.1 200 OK"
2026-05-15 08:56:33,273 - INFO - HTTP Request: HEAD https://huggingface.co/google/gemma-4-E2B-it/resolve/main/preprocessor_config.json "HTTP/1.1 404 Not Found"
2026-05-15 08:56:33,418 - INFO - HTTP Request: HEAD https://huggingface.co/google/gemma-4-E2B-it/resolve/main/processor_config.json "HTTP/1.1 307 Temporary Redirect"
2026-05-15 08:56:33,430 - INFO - HTTP Request: HEAD https://huggingface.co/api/resolve-cache/models/google/gemma-4-E2B-it/b324173c7d5721c2baba7f3b17b3b9b3d34ab1e9/processor_config.json "HTTP/1.1 200 OK"
2026-05-15 08:56:33,574 - INFO - HTTP Request: HEAD https://huggingface.co/google/gemma-4-E2B-it/resolve/main/preprocessor_config.json "HTTP/1.1 404 Not Found"
2026-05-15 08:56:33,726 - INFO - HTTP Request: HEAD https://huggingface.co/google/gemma-4-E2B-it/resolve/main/processor_config.json "HTTP/1.1 307 Temporary Redirect"
2026-05-15 08:56:33,738 - INFO - HTTP Request: HEAD https://huggingface.co/api/resolve-cache/models/google/gemma-4-E2B-it/b324173c7d5721c2baba7f3b17b3b9b3d34ab1e9/processor_config.json "HTTP/1.1 200 OK"
2026-05-15 08:56:33,890 - INFO - HTTP Request: HEAD https://huggingface.co/google/gemma-4-E2B-it/resolve/main/preprocessor_config.json "HTTP/1.1 404 Not Found"
2026-05-15 08:56:34,037 - INFO - HTTP Request: HEAD https://huggingface.co/google/gemma-4-E2B-it/resolve/main/processor_config.json "HTTP/1.1 307 Temporary Redirect"
2026-05-15 08:56:34,048 - INFO - HTTP Request: HEAD https://huggingface.co/api/resolve-cache/models/google/gemma-4-E2B-it/b324173c7d5721c2baba7f3b17b3b9b3d34ab1e9/processor_config.json "HTTP/1.1 200 OK"
2026-05-15 08:56:34,190 - INFO - HTTP Request: HEAD https://huggingface.co/google/gemma-4-E2B-it/resolve/main/preprocessor_config.json "HTTP/1.1 404 Not Found"
2026-05-15 08:56:34,343 - INFO - HTTP Request: HEAD https://huggingface.co/google/gemma-4-E2B-it/resolve/main/config.json "HTTP/1.1 307 Temporary Redirect"
2026-05-15 08:56:34,355 - INFO - HTTP Request: HEAD https://huggingface.co/api/resolve-cache/models/google/gemma-4-E2B-it/b324173c7d5721c2baba7f3b17b3b9b3d34ab1e9/config.json "HTTP/1.1 200 OK"
2026-05-15 08:56:34,505 - INFO - HTTP Request: HEAD https://huggingface.co/google/gemma-4-E2B-it/resolve/main/tokenizer_config.json "HTTP/1.1 307 Temporary Redirect"
2026-05-15 08:56:34,517 - INFO - HTTP Request: HEAD https://huggingface.co/api/resolve-cache/models/google/gemma-4-E2B-it/b324173c7d5721c2baba7f3b17b3b9b3d34ab1e9/tokenizer_config.json "HTTP/1.1 200 OK"
2026-05-15 08:56:34,679 - INFO - HTTP Request: GET https://huggingface.co/api/models/google/gemma-4-E2B-it/tree/main/additional_chat_templates?recursive=false&expand=false "HTTP/1.1 404 Not Found"
2026-05-15 08:56:34,818 - INFO - HTTP Request: GET https://huggingface.co/api/models/google/gemma-4-E2B-it/tree/main?recursive=true&expand=false "HTTP/1.1 200 OK"
2026-05-15 08:56:38,876 - INFO - HTTP Request: GET https://huggingface.co/api/models/google/gemma-4-E2B-it "HTTP/1.1 200 OK"
2026-05-15 08:56:39,090 - INFO - HTTP Request: HEAD https://huggingface.co/google/gemma-4-E2B-it/resolve/main/processor_config.json "HTTP/1.1 307 Temporary Redirect"
2026-05-15 08:56:39,108 - INFO - HTTP Request: HEAD https://huggingface.co/api/resolve-cache/models/google/gemma-4-E2B-it/b324173c7d5721c2baba7f3b17b3b9b3d34ab1e9/processor_config.json "HTTP/1.1 200 OK"
2026-05-15 08:56:39,260 - INFO - HTTP Request: HEAD https://huggingface.co/google/gemma-4-E2B-it/resolve/main/video_preprocessor_config.json "HTTP/1.1 404 Not Found"
2026-05-15 08:56:39,408 - INFO - HTTP Request: HEAD https://huggingface.co/google/gemma-4-E2B-it/resolve/main/preprocessor_config.json "HTTP/1.1 404 Not Found"
2026-05-15 08:56:39,554 - INFO - HTTP Request: HEAD https://huggingface.co/google/gemma-4-E2B-it/resolve/main/processor_config.json "HTTP/1.1 307 Temporary Redirect"
2026-05-15 08:56:39,565 - INFO - HTTP Request: HEAD https://huggingface.co/api/resolve-cache/models/google/gemma-4-E2B-it/b324173c7d5721c2baba7f3b17b3b9b3d34ab1e9/processor_config.json "HTTP/1.1 200 OK"
2026-05-15 08:56:39,712 - INFO - HTTP Request: HEAD https://huggingface.co/google/gemma-4-E2B-it/resolve/main/video_preprocessor_config.json "HTTP/1.1 404 Not Found"
2026-05-15 08:56:39,858 - INFO - HTTP Request: HEAD https://huggingface.co/google/gemma-4-E2B-it/resolve/main/preprocessor_config.json "HTTP/1.1 404 Not Found"
2026-05-15 08:56:40,011 - INFO - HTTP Request: HEAD https://huggingface.co/google/gemma-4-E2B-it/resolve/main/config.json "HTTP/1.1 307 Temporary Redirect"
2026-05-15 08:56:40,022 - INFO - HTTP Request: HEAD https://huggingface.co/api/resolve-cache/models/google/gemma-4-E2B-it/b324173c7d5721c2baba7f3b17b3b9b3d34ab1e9/config.json "HTTP/1.1 200 OK"
2026-05-15 08:56:44,503 - INFO - HTTP Request: HEAD https://huggingface.co/google/gemma-4-E2B-it/resolve/main/generation_config.json "HTTP/1.1 307 Temporary Redirect"
2026-05-15 08:56:44,516 - INFO - HTTP Request: HEAD https://huggingface.co/api/resolve-cache/models/google/gemma-4-E2B-it/b324173c7d5721c2baba7f3b17b3b9b3d34ab1e9/generation_config.json "HTTP/1.1 200 OK"
2026-05-15 08:56:44,674 - INFO - HTTP Request: HEAD https://huggingface.co/google/gemma-4-E2B-it/resolve/main/custom_generate/generate.py "HTTP/1.1 404 Not Found"
2026-05-15 08:57:23,562 - ERROR - Error in HuggingFace model call: RuntimeError: CUDA driver error: device kernel image is invalid

Set TORCHDYNAMO_VERBOSE=1 for the internal stack trace (please do this especially if you're reporting a bug to PyTorch). For even more developer context, set TORCH_LOGS="+dynamo"

2026-05-15 08:57:23,563 - WARNING - Unloading local HuggingFace model after error to clear GPU memory: google/gemma-4-E2B-it
2026-05-15 08:57:24,472 - ERROR - Error generating scenario ufo_multi_001: HuggingFace model error: RuntimeError: CUDA driver error: device kernel image is invalid

Set TORCHDYNAMO_VERBOSE=1 for the internal stack trace (please do this especially if you're reporting a bug to PyTorch). For even more developer context, set TORCH_LOGS="+dynamo"

2026-05-15 08:57:24,561 - INFO - Generating conversation for scenario ufo_single_001 on huggingface/google/gemma-4-E2B-it
2026-05-15 08:57:24,574 - INFO - Loading local HuggingFace model: google/gemma-4-E2B-it
2026-05-15 08:57:24,781 - INFO - HTTP Request: HEAD https://huggingface.co/google/gemma-4-E2B-it/resolve/main/processor_config.json "HTTP/1.1 307 Temporary Redirect"
2026-05-15 08:57:24,792 - INFO - HTTP Request: HEAD https://huggingface.co/api/resolve-cache/models/google/gemma-4-E2B-it/b324173c7d5721c2baba7f3b17b3b9b3d34ab1e9/processor_config.json "HTTP/1.1 200 OK"
2026-05-15 08:57:24,936 - INFO - HTTP Request: GET https://huggingface.co/api/models/google/gemma-4-E2B-it/tree/main/additional_chat_templates?recursive=false&expand=false "HTTP/1.1 404 Not Found"
2026-05-15 08:57:25,071 - INFO - HTTP Request: HEAD https://huggingface.co/google/gemma-4-E2B-it/resolve/main/processor_config.json "HTTP/1.1 307 Temporary Redirect"
2026-05-15 08:57:25,083 - INFO - HTTP Request: HEAD https://huggingface.co/api/resolve-cache/models/google/gemma-4-E2B-it/b324173c7d5721c2baba7f3b17b3b9b3d34ab1e9/processor_config.json "HTTP/1.1 200 OK"
2026-05-15 08:57:25,226 - INFO - HTTP Request: HEAD https://huggingface.co/google/gemma-4-E2B-it/resolve/main/chat_template.json "HTTP/1.1 404 Not Found"
2026-05-15 08:57:25,369 - INFO - HTTP Request: HEAD https://huggingface.co/google/gemma-4-E2B-it/resolve/main/chat_template.jinja "HTTP/1.1 307 Temporary Redirect"
2026-05-15 08:57:25,381 - INFO - HTTP Request: HEAD https://huggingface.co/api/resolve-cache/models/google/gemma-4-E2B-it/b324173c7d5721c2baba7f3b17b3b9b3d34ab1e9/chat_template.jinja "HTTP/1.1 200 OK"
2026-05-15 08:57:25,524 - INFO - HTTP Request: HEAD https://huggingface.co/google/gemma-4-E2B-it/resolve/main/audio_tokenizer_config.json "HTTP/1.1 404 Not Found"
2026-05-15 08:57:25,688 - INFO - HTTP Request: GET https://huggingface.co/api/models/google/gemma-4-E2B-it/tree/main/additional_chat_templates?recursive=false&expand=false "HTTP/1.1 404 Not Found"
2026-05-15 08:57:25,829 - INFO - HTTP Request: HEAD https://huggingface.co/google/gemma-4-E2B-it/resolve/main/processor_config.json "HTTP/1.1 307 Temporary Redirect"
2026-05-15 08:57:25,840 - INFO - HTTP Request: HEAD https://huggingface.co/api/resolve-cache/models/google/gemma-4-E2B-it/b324173c7d5721c2baba7f3b17b3b9b3d34ab1e9/processor_config.json "HTTP/1.1 200 OK"
2026-05-15 08:57:25,983 - INFO - HTTP Request: HEAD https://huggingface.co/google/gemma-4-E2B-it/resolve/main/chat_template.json "HTTP/1.1 404 Not Found"
2026-05-15 08:57:26,129 - INFO - HTTP Request: HEAD https://huggingface.co/google/gemma-4-E2B-it/resolve/main/chat_template.jinja "HTTP/1.1 307 Temporary Redirect"
2026-05-15 08:57:26,142 - INFO - HTTP Request: HEAD https://huggingface.co/api/resolve-cache/models/google/gemma-4-E2B-it/b324173c7d5721c2baba7f3b17b3b9b3d34ab1e9/chat_template.jinja "HTTP/1.1 200 OK"
2026-05-15 08:57:26,284 - INFO - HTTP Request: HEAD https://huggingface.co/google/gemma-4-E2B-it/resolve/main/audio_tokenizer_config.json "HTTP/1.1 404 Not Found"
2026-05-15 08:57:26,439 - INFO - HTTP Request: HEAD https://huggingface.co/google/gemma-4-E2B-it/resolve/main/processor_config.json "HTTP/1.1 307 Temporary Redirect"
2026-05-15 08:57:26,449 - INFO - HTTP Request: HEAD https://huggingface.co/api/resolve-cache/models/google/gemma-4-E2B-it/b324173c7d5721c2baba7f3b17b3b9b3d34ab1e9/processor_config.json "HTTP/1.1 200 OK"
2026-05-15 08:57:26,601 - INFO - HTTP Request: HEAD https://huggingface.co/google/gemma-4-E2B-it/resolve/main/preprocessor_config.json "HTTP/1.1 404 Not Found"
2026-05-15 08:57:26,756 - INFO - HTTP Request: HEAD https://huggingface.co/google/gemma-4-E2B-it/resolve/main/processor_config.json "HTTP/1.1 307 Temporary Redirect"
2026-05-15 08:57:26,767 - INFO - HTTP Request: HEAD https://huggingface.co/api/resolve-cache/models/google/gemma-4-E2B-it/b324173c7d5721c2baba7f3b17b3b9b3d34ab1e9/processor_config.json "HTTP/1.1 200 OK"
2026-05-15 08:57:26,915 - INFO - HTTP Request: HEAD https://huggingface.co/google/gemma-4-E2B-it/resolve/main/preprocessor_config.json "HTTP/1.1 404 Not Found"
2026-05-15 08:57:27,066 - INFO - HTTP Request: HEAD https://huggingface.co/google/gemma-4-E2B-it/resolve/main/processor_config.json "HTTP/1.1 307 Temporary Redirect"
2026-05-15 08:57:27,077 - INFO - HTTP Request: HEAD https://huggingface.co/api/resolve-cache/models/google/gemma-4-E2B-it/b324173c7d5721c2baba7f3b17b3b9b3d34ab1e9/processor_config.json "HTTP/1.1 200 OK"
2026-05-15 08:57:27,222 - INFO - HTTP Request: HEAD https://huggingface.co/google/gemma-4-E2B-it/resolve/main/preprocessor_config.json "HTTP/1.1 404 Not Found"
2026-05-15 08:57:27,372 - INFO - HTTP Request: HEAD https://huggingface.co/google/gemma-4-E2B-it/resolve/main/processor_config.json "HTTP/1.1 307 Temporary Redirect"
2026-05-15 08:57:27,384 - INFO - HTTP Request: HEAD https://huggingface.co/api/resolve-cache/models/google/gemma-4-E2B-it/b324173c7d5721c2baba7f3b17b3b9b3d34ab1e9/processor_config.json "HTTP/1.1 200 OK"
2026-05-15 08:57:27,536 - INFO - HTTP Request: HEAD https://huggingface.co/google/gemma-4-E2B-it/resolve/main/preprocessor_config.json "HTTP/1.1 404 Not Found"
2026-05-15 08:57:27,711 - INFO - HTTP Request: HEAD https://huggingface.co/google/gemma-4-E2B-it/resolve/main/config.json "HTTP/1.1 307 Temporary Redirect"
2026-05-15 08:57:27,723 - INFO - HTTP Request: HEAD https://huggingface.co/api/resolve-cache/models/google/gemma-4-E2B-it/b324173c7d5721c2baba7f3b17b3b9b3d34ab1e9/config.json "HTTP/1.1 200 OK"
2026-05-15 08:57:27,889 - INFO - HTTP Request: HEAD https://huggingface.co/google/gemma-4-E2B-it/resolve/main/tokenizer_config.json "HTTP/1.1 307 Temporary Redirect"
2026-05-15 08:57:27,902 - INFO - HTTP Request: HEAD https://huggingface.co/api/resolve-cache/models/google/gemma-4-E2B-it/b324173c7d5721c2baba7f3b17b3b9b3d34ab1e9/tokenizer_config.json "HTTP/1.1 200 OK"
2026-05-15 08:57:28,055 - INFO - HTTP Request: GET https://huggingface.co/api/models/google/gemma-4-E2B-it/tree/main/additional_chat_templates?recursive=false&expand=false "HTTP/1.1 404 Not Found"
2026-05-15 08:57:28,194 - INFO - HTTP Request: GET https://huggingface.co/api/models/google/gemma-4-E2B-it/tree/main?recursive=true&expand=false "HTTP/1.1 200 OK"
2026-05-15 08:57:33,653 - INFO - HTTP Request: GET https://huggingface.co/api/models/google/gemma-4-E2B-it "HTTP/1.1 200 OK"
2026-05-15 08:57:33,894 - INFO - HTTP Request: HEAD https://huggingface.co/google/gemma-4-E2B-it/resolve/main/processor_config.json "HTTP/1.1 307 Temporary Redirect"
2026-05-15 08:57:33,906 - INFO - HTTP Request: HEAD https://huggingface.co/api/resolve-cache/models/google/gemma-4-E2B-it/b324173c7d5721c2baba7f3b17b3b9b3d34ab1e9/processor_config.json "HTTP/1.1 200 OK"
2026-05-15 08:57:34,063 - INFO - HTTP Request: HEAD https://huggingface.co/google/gemma-4-E2B-it/resolve/main/video_preprocessor_config.json "HTTP/1.1 404 Not Found"
2026-05-15 08:57:34,217 - INFO - HTTP Request: HEAD https://huggingface.co/google/gemma-4-E2B-it/resolve/main/preprocessor_config.json "HTTP/1.1 404 Not Found"
2026-05-15 08:57:34,364 - INFO - HTTP Request: HEAD https://huggingface.co/google/gemma-4-E2B-it/resolve/main/processor_config.json "HTTP/1.1 307 Temporary Redirect"
2026-05-15 08:57:34,377 - INFO - HTTP Request: HEAD https://huggingface.co/api/resolve-cache/models/google/gemma-4-E2B-it/b324173c7d5721c2baba7f3b17b3b9b3d34ab1e9/processor_config.json "HTTP/1.1 200 OK"
2026-05-15 08:57:34,526 - INFO - HTTP Request: HEAD https://huggingface.co/google/gemma-4-E2B-it/resolve/main/video_preprocessor_config.json "HTTP/1.1 404 Not Found"
2026-05-15 08:57:34,676 - INFO - HTTP Request: HEAD https://huggingface.co/google/gemma-4-E2B-it/resolve/main/preprocessor_config.json "HTTP/1.1 404 Not Found"
2026-05-15 08:57:34,828 - INFO - HTTP Request: HEAD https://huggingface.co/google/gemma-4-E2B-it/resolve/main/config.json "HTTP/1.1 307 Temporary Redirect"
2026-05-15 08:57:34,839 - INFO - HTTP Request: HEAD https://huggingface.co/api/resolve-cache/models/google/gemma-4-E2B-it/b324173c7d5721c2baba7f3b17b3b9b3d34ab1e9/config.json "HTTP/1.1 200 OK"
2026-05-15 08:57:39,659 - INFO - HTTP Request: HEAD https://huggingface.co/google/gemma-4-E2B-it/resolve/main/generation_config.json "HTTP/1.1 307 Temporary Redirect"
2026-05-15 08:57:39,671 - INFO - HTTP Request: HEAD https://huggingface.co/api/resolve-cache/models/google/gemma-4-E2B-it/b324173c7d5721c2baba7f3b17b3b9b3d34ab1e9/generation_config.json "HTTP/1.1 200 OK"
2026-05-15 08:57:39,825 - INFO - HTTP Request: HEAD https://huggingface.co/google/gemma-4-E2B-it/resolve/main/custom_generate/generate.py "HTTP/1.1 404 Not Found"
2026-05-15 08:58:20,514 - ERROR - Error in HuggingFace model call: RuntimeError: CUDA driver error: device kernel image is invalid

Set TORCHDYNAMO_VERBOSE=1 for the internal stack trace (please do this especially if you're reporting a bug to PyTorch). For even more developer context, set TORCH_LOGS="+dynamo"

2026-05-15 08:58:20,515 - WARNING - Unloading local HuggingFace model after error to clear GPU memory: google/gemma-4-E2B-it
2026-05-15 08:58:21,554 - WARNING - huggingface/google/gemma-4-E2B-it failed on attempt 1/2: HuggingFace model error: RuntimeError: CUDA driver error: device kernel image is invalid

Set TORCHDYNAMO_VERBOSE=1 for the internal stack trace (please do this especially if you're reporting a bug to PyTorch). For even more developer context, set TORCH_LOGS="+dynamo"
. Retrying in 1.0s
2026-05-15 08:58:22,570 - INFO - Loading local HuggingFace model: google/gemma-4-E2B-it
2026-05-15 08:58:22,753 - INFO - HTTP Request: HEAD https://huggingface.co/google/gemma-4-E2B-it/resolve/main/processor_config.json "HTTP/1.1 307 Temporary Redirect"
2026-05-15 08:58:22,764 - INFO - HTTP Request: HEAD https://huggingface.co/api/resolve-cache/models/google/gemma-4-E2B-it/b324173c7d5721c2baba7f3b17b3b9b3d34ab1e9/processor_config.json "HTTP/1.1 200 OK"
2026-05-15 08:58:22,911 - INFO - HTTP Request: GET https://huggingface.co/api/models/google/gemma-4-E2B-it/tree/main/additional_chat_templates?recursive=false&expand=false "HTTP/1.1 404 Not Found"
2026-05-15 08:58:23,047 - INFO - HTTP Request: HEAD https://huggingface.co/google/gemma-4-E2B-it/resolve/main/processor_config.json "HTTP/1.1 307 Temporary Redirect"
2026-05-15 08:58:23,059 - INFO - HTTP Request: HEAD https://huggingface.co/api/resolve-cache/models/google/gemma-4-E2B-it/b324173c7d5721c2baba7f3b17b3b9b3d34ab1e9/processor_config.json "HTTP/1.1 200 OK"
2026-05-15 08:58:23,207 - INFO - HTTP Request: HEAD https://huggingface.co/google/gemma-4-E2B-it/resolve/main/chat_template.json "HTTP/1.1 404 Not Found"
2026-05-15 08:58:23,345 - INFO - HTTP Request: HEAD https://huggingface.co/google/gemma-4-E2B-it/resolve/main/chat_template.jinja "HTTP/1.1 307 Temporary Redirect"
2026-05-15 08:58:23,357 - INFO - HTTP Request: HEAD https://huggingface.co/api/resolve-cache/models/google/gemma-4-E2B-it/b324173c7d5721c2baba7f3b17b3b9b3d34ab1e9/chat_template.jinja "HTTP/1.1 200 OK"
2026-05-15 08:58:23,501 - INFO - HTTP Request: HEAD https://huggingface.co/google/gemma-4-E2B-it/resolve/main/audio_tokenizer_config.json "HTTP/1.1 404 Not Found"
2026-05-15 08:58:23,650 - INFO - HTTP Request: GET https://huggingface.co/api/models/google/gemma-4-E2B-it/tree/main/additional_chat_templates?recursive=false&expand=false "HTTP/1.1 404 Not Found"
2026-05-15 08:58:23,785 - INFO - HTTP Request: HEAD https://huggingface.co/google/gemma-4-E2B-it/resolve/main/processor_config.json "HTTP/1.1 307 Temporary Redirect"
2026-05-15 08:58:23,797 - INFO - HTTP Request: HEAD https://huggingface.co/api/resolve-cache/models/google/gemma-4-E2B-it/b324173c7d5721c2baba7f3b17b3b9b3d34ab1e9/processor_config.json "HTTP/1.1 200 OK"
2026-05-15 08:58:23,946 - INFO - HTTP Request: HEAD https://huggingface.co/google/gemma-4-E2B-it/resolve/main/chat_template.json "HTTP/1.1 404 Not Found"
2026-05-15 08:58:24,091 - INFO - HTTP Request: HEAD https://huggingface.co/google/gemma-4-E2B-it/resolve/main/chat_template.jinja "HTTP/1.1 307 Temporary Redirect"
2026-05-15 08:58:24,103 - INFO - HTTP Request: HEAD https://huggingface.co/api/resolve-cache/models/google/gemma-4-E2B-it/b324173c7d5721c2baba7f3b17b3b9b3d34ab1e9/chat_template.jinja "HTTP/1.1 200 OK"
2026-05-15 08:58:24,255 - INFO - HTTP Request: HEAD https://huggingface.co/google/gemma-4-E2B-it/resolve/main/audio_tokenizer_config.json "HTTP/1.1 404 Not Found"
2026-05-15 08:58:24,402 - INFO - HTTP Request: HEAD https://huggingface.co/google/gemma-4-E2B-it/resolve/main/processor_config.json "HTTP/1.1 307 Temporary Redirect"
2026-05-15 08:58:24,412 - INFO - HTTP Request: HEAD https://huggingface.co/api/resolve-cache/models/google/gemma-4-E2B-it/b324173c7d5721c2baba7f3b17b3b9b3d34ab1e9/processor_config.json "HTTP/1.1 200 OK"
2026-05-15 08:58:24,563 - INFO - HTTP Request: HEAD https://huggingface.co/google/gemma-4-E2B-it/resolve/main/preprocessor_config.json "HTTP/1.1 404 Not Found"
2026-05-15 08:58:24,713 - INFO - HTTP Request: HEAD https://huggingface.co/google/gemma-4-E2B-it/resolve/main/processor_config.json "HTTP/1.1 307 Temporary Redirect"
2026-05-15 08:58:24,724 - INFO - HTTP Request: HEAD https://huggingface.co/api/resolve-cache/models/google/gemma-4-E2B-it/b324173c7d5721c2baba7f3b17b3b9b3d34ab1e9/processor_config.json "HTTP/1.1 200 OK"
2026-05-15 08:58:24,870 - INFO - HTTP Request: HEAD https://huggingface.co/google/gemma-4-E2B-it/resolve/main/preprocessor_config.json "HTTP/1.1 404 Not Found"
2026-05-15 08:58:25,022 - INFO - HTTP Request: HEAD https://huggingface.co/google/gemma-4-E2B-it/resolve/main/processor_config.json "HTTP/1.1 307 Temporary Redirect"
2026-05-15 08:58:25,033 - INFO - HTTP Request: HEAD https://huggingface.co/api/resolve-cache/models/google/gemma-4-E2B-it/b324173c7d5721c2baba7f3b17b3b9b3d34ab1e9/processor_config.json "HTTP/1.1 200 OK"
2026-05-15 08:58:25,176 - INFO - HTTP Request: HEAD https://huggingface.co/google/gemma-4-E2B-it/resolve/main/preprocessor_config.json "HTTP/1.1 404 Not Found"
2026-05-15 08:58:25,326 - INFO - HTTP Request: HEAD https://huggingface.co/google/gemma-4-E2B-it/resolve/main/processor_config.json "HTTP/1.1 307 Temporary Redirect"
2026-05-15 08:58:25,337 - INFO - HTTP Request: HEAD https://huggingface.co/api/resolve-cache/models/google/gemma-4-E2B-it/b324173c7d5721c2baba7f3b17b3b9b3d34ab1e9/processor_config.json "HTTP/1.1 200 OK"
2026-05-15 08:58:25,483 - INFO - HTTP Request: HEAD https://huggingface.co/google/gemma-4-E2B-it/resolve/main/preprocessor_config.json "HTTP/1.1 404 Not Found"
2026-05-15 08:58:25,631 - INFO - HTTP Request: HEAD https://huggingface.co/google/gemma-4-E2B-it/resolve/main/config.json "HTTP/1.1 307 Temporary Redirect"
2026-05-15 08:58:25,642 - INFO - HTTP Request: HEAD https://huggingface.co/api/resolve-cache/models/google/gemma-4-E2B-it/b324173c7d5721c2baba7f3b17b3b9b3d34ab1e9/config.json "HTTP/1.1 200 OK"
2026-05-15 08:58:25,799 - INFO - HTTP Request: HEAD https://huggingface.co/google/gemma-4-E2B-it/resolve/main/tokenizer_config.json "HTTP/1.1 307 Temporary Redirect"
2026-05-15 08:58:25,810 - INFO - HTTP Request: HEAD https://huggingface.co/api/resolve-cache/models/google/gemma-4-E2B-it/b324173c7d5721c2baba7f3b17b3b9b3d34ab1e9/tokenizer_config.json "HTTP/1.1 200 OK"
2026-05-15 08:58:25,961 - INFO - HTTP Request: GET https://huggingface.co/api/models/google/gemma-4-E2B-it/tree/main/additional_chat_templates?recursive=false&expand=false "HTTP/1.1 404 Not Found"
2026-05-15 08:58:26,098 - INFO - HTTP Request: GET https://huggingface.co/api/models/google/gemma-4-E2B-it/tree/main?recursive=true&expand=false "HTTP/1.1 200 OK"
2026-05-15 08:58:31,577 - INFO - HTTP Request: GET https://huggingface.co/api/models/google/gemma-4-E2B-it "HTTP/1.1 200 OK"
2026-05-15 08:58:31,835 - INFO - HTTP Request: HEAD https://huggingface.co/google/gemma-4-E2B-it/resolve/main/processor_config.json "HTTP/1.1 307 Temporary Redirect"
2026-05-15 08:58:31,845 - INFO - HTTP Request: HEAD https://huggingface.co/api/resolve-cache/models/google/gemma-4-E2B-it/b324173c7d5721c2baba7f3b17b3b9b3d34ab1e9/processor_config.json "HTTP/1.1 200 OK"
2026-05-15 08:58:31,992 - INFO - HTTP Request: HEAD https://huggingface.co/google/gemma-4-E2B-it/resolve/main/video_preprocessor_config.json "HTTP/1.1 404 Not Found"
2026-05-15 08:58:32,141 - INFO - HTTP Request: HEAD https://huggingface.co/google/gemma-4-E2B-it/resolve/main/preprocessor_config.json "HTTP/1.1 404 Not Found"
2026-05-15 08:58:32,288 - INFO - HTTP Request: HEAD https://huggingface.co/google/gemma-4-E2B-it/resolve/main/processor_config.json "HTTP/1.1 307 Temporary Redirect"
2026-05-15 08:58:32,299 - INFO - HTTP Request: HEAD https://huggingface.co/api/resolve-cache/models/google/gemma-4-E2B-it/b324173c7d5721c2baba7f3b17b3b9b3d34ab1e9/processor_config.json "HTTP/1.1 200 OK"
2026-05-15 08:58:32,441 - INFO - HTTP Request: HEAD https://huggingface.co/google/gemma-4-E2B-it/resolve/main/video_preprocessor_config.json "HTTP/1.1 404 Not Found"
2026-05-15 08:58:32,583 - INFO - HTTP Request: HEAD https://huggingface.co/google/gemma-4-E2B-it/resolve/main/preprocessor_config.json "HTTP/1.1 404 Not Found"
2026-05-15 08:58:32,729 - INFO - HTTP Request: HEAD https://huggingface.co/google/gemma-4-E2B-it/resolve/main/config.json "HTTP/1.1 307 Temporary Redirect"
2026-05-15 08:58:32,740 - INFO - HTTP Request: HEAD https://huggingface.co/api/resolve-cache/models/google/gemma-4-E2B-it/b324173c7d5721c2baba7f3b17b3b9b3d34ab1e9/config.json "HTTP/1.1 200 OK"
2026-05-15 08:58:37,327 - INFO - HTTP Request: HEAD https://huggingface.co/google/gemma-4-E2B-it/resolve/main/generation_config.json "HTTP/1.1 307 Temporary Redirect"
2026-05-15 08:58:37,346 - INFO - HTTP Request: HEAD https://huggingface.co/api/resolve-cache/models/google/gemma-4-E2B-it/b324173c7d5721c2baba7f3b17b3b9b3d34ab1e9/generation_config.json "HTTP/1.1 200 OK"
2026-05-15 08:58:37,496 - INFO - HTTP Request: HEAD https://huggingface.co/google/gemma-4-E2B-it/resolve/main/custom_generate/generate.py "HTTP/1.1 404 Not Found"
2026-05-15 08:59:19,435 - ERROR - Error in HuggingFace model call: RuntimeError: CUDA driver error: device kernel image is invalid

Set TORCHDYNAMO_VERBOSE=1 for the internal stack trace (please do this especially if you're reporting a bug to PyTorch). For even more developer context, set TORCH_LOGS="+dynamo"

2026-05-15 08:59:19,436 - WARNING - Unloading local HuggingFace model after error to clear GPU memory: google/gemma-4-E2B-it
2026-05-15 08:59:20,979 - ERROR - Error generating scenario ufo_single_001: HuggingFace model error: RuntimeError: CUDA driver error: device kernel image is invalid

Set TORCHDYNAMO_VERBOSE=1 for the internal stack trace (please do this especially if you're reporting a bug to PyTorch). For even more developer context, set TORCH_LOGS="+dynamo"

2026-05-15 08:59:21,077 - INFO - Generating conversation for scenario ufo_resist_001 on huggingface/google/gemma-4-E2B-it
2026-05-15 08:59:21,096 - INFO - Loading local HuggingFace model: google/gemma-4-E2B-it
2026-05-15 08:59:21,262 - INFO - HTTP Request: HEAD https://huggingface.co/google/gemma-4-E2B-it/resolve/main/processor_config.json "HTTP/1.1 307 Temporary Redirect"
2026-05-15 08:59:21,273 - INFO - HTTP Request: HEAD https://huggingface.co/api/resolve-cache/models/google/gemma-4-E2B-it/b324173c7d5721c2baba7f3b17b3b9b3d34ab1e9/processor_config.json "HTTP/1.1 200 OK"
2026-05-15 08:59:21,420 - INFO - HTTP Request: GET https://huggingface.co/api/models/google/gemma-4-E2B-it/tree/main/additional_chat_templates?recursive=false&expand=false "HTTP/1.1 404 Not Found"
2026-05-15 08:59:21,553 - INFO - HTTP Request: HEAD https://huggingface.co/google/gemma-4-E2B-it/resolve/main/processor_config.json "HTTP/1.1 307 Temporary Redirect"
2026-05-15 08:59:21,564 - INFO - HTTP Request: HEAD https://huggingface.co/api/resolve-cache/models/google/gemma-4-E2B-it/b324173c7d5721c2baba7f3b17b3b9b3d34ab1e9/processor_config.json "HTTP/1.1 200 OK"
2026-05-15 08:59:21,712 - INFO - HTTP Request: HEAD https://huggingface.co/google/gemma-4-E2B-it/resolve/main/chat_template.json "HTTP/1.1 404 Not Found"
2026-05-15 08:59:21,855 - INFO - HTTP Request: HEAD https://huggingface.co/google/gemma-4-E2B-it/resolve/main/chat_template.jinja "HTTP/1.1 307 Temporary Redirect"
2026-05-15 08:59:21,865 - INFO - HTTP Request: HEAD https://huggingface.co/api/resolve-cache/models/google/gemma-4-E2B-it/b324173c7d5721c2baba7f3b17b3b9b3d34ab1e9/chat_template.jinja "HTTP/1.1 200 OK"
2026-05-15 08:59:22,002 - INFO - HTTP Request: HEAD https://huggingface.co/google/gemma-4-E2B-it/resolve/main/audio_tokenizer_config.json "HTTP/1.1 404 Not Found"
2026-05-15 08:59:22,149 - INFO - HTTP Request: GET https://huggingface.co/api/models/google/gemma-4-E2B-it/tree/main/additional_chat_templates?recursive=false&expand=false "HTTP/1.1 404 Not Found"
2026-05-15 08:59:22,281 - INFO - HTTP Request: HEAD https://huggingface.co/google/gemma-4-E2B-it/resolve/main/processor_config.json "HTTP/1.1 307 Temporary Redirect"
2026-05-15 08:59:22,294 - INFO - HTTP Request: HEAD https://huggingface.co/api/resolve-cache/models/google/gemma-4-E2B-it/b324173c7d5721c2baba7f3b17b3b9b3d34ab1e9/processor_config.json "HTTP/1.1 200 OK"
2026-05-15 08:59:22,465 - INFO - HTTP Request: HEAD https://huggingface.co/google/gemma-4-E2B-it/resolve/main/chat_template.json "HTTP/1.1 404 Not Found"
2026-05-15 08:59:22,610 - INFO - HTTP Request: HEAD https://huggingface.co/google/gemma-4-E2B-it/resolve/main/chat_template.jinja "HTTP/1.1 307 Temporary Redirect"
2026-05-15 08:59:22,621 - INFO - HTTP Request: HEAD https://huggingface.co/api/resolve-cache/models/google/gemma-4-E2B-it/b324173c7d5721c2baba7f3b17b3b9b3d34ab1e9/chat_template.jinja "HTTP/1.1 200 OK"
2026-05-15 08:59:22,765 - INFO - HTTP Request: HEAD https://huggingface.co/google/gemma-4-E2B-it/resolve/main/audio_tokenizer_config.json "HTTP/1.1 404 Not Found"
2026-05-15 08:59:22,911 - INFO - HTTP Request: HEAD https://huggingface.co/google/gemma-4-E2B-it/resolve/main/processor_config.json "HTTP/1.1 307 Temporary Redirect"
2026-05-15 08:59:22,922 - INFO - HTTP Request: HEAD https://huggingface.co/api/resolve-cache/models/google/gemma-4-E2B-it/b324173c7d5721c2baba7f3b17b3b9b3d34ab1e9/processor_config.json "HTTP/1.1 200 OK"
2026-05-15 08:59:23,063 - INFO - HTTP Request: HEAD https://huggingface.co/google/gemma-4-E2B-it/resolve/main/preprocessor_config.json "HTTP/1.1 404 Not Found"
2026-05-15 08:59:23,212 - INFO - HTTP Request: HEAD https://huggingface.co/google/gemma-4-E2B-it/resolve/main/processor_config.json "HTTP/1.1 307 Temporary Redirect"
2026-05-15 08:59:23,230 - INFO - HTTP Request: HEAD https://huggingface.co/api/resolve-cache/models/google/gemma-4-E2B-it/b324173c7d5721c2baba7f3b17b3b9b3d34ab1e9/processor_config.json "HTTP/1.1 200 OK"
2026-05-15 08:59:23,376 - INFO - HTTP Request: HEAD https://huggingface.co/google/gemma-4-E2B-it/resolve/main/preprocessor_config.json "HTTP/1.1 404 Not Found"
2026-05-15 08:59:23,536 - INFO - HTTP Request: HEAD https://huggingface.co/google/gemma-4-E2B-it/resolve/main/processor_config.json "HTTP/1.1 307 Temporary Redirect"
2026-05-15 08:59:23,547 - INFO - HTTP Request: HEAD https://huggingface.co/api/resolve-cache/models/google/gemma-4-E2B-it/b324173c7d5721c2baba7f3b17b3b9b3d34ab1e9/processor_config.json "HTTP/1.1 200 OK"
2026-05-15 08:59:23,711 - INFO - HTTP Request: HEAD https://huggingface.co/google/gemma-4-E2B-it/resolve/main/preprocessor_config.json "HTTP/1.1 404 Not Found"
2026-05-15 08:59:23,856 - INFO - HTTP Request: HEAD https://huggingface.co/google/gemma-4-E2B-it/resolve/main/processor_config.json "HTTP/1.1 307 Temporary Redirect"
2026-05-15 08:59:23,867 - INFO - HTTP Request: HEAD https://huggingface.co/api/resolve-cache/models/google/gemma-4-E2B-it/b324173c7d5721c2baba7f3b17b3b9b3d34ab1e9/processor_config.json "HTTP/1.1 200 OK"
2026-05-15 08:59:24,007 - INFO - HTTP Request: HEAD https://huggingface.co/google/gemma-4-E2B-it/resolve/main/preprocessor_config.json "HTTP/1.1 404 Not Found"
2026-05-15 08:59:24,153 - INFO - HTTP Request: HEAD https://huggingface.co/google/gemma-4-E2B-it/resolve/main/config.json "HTTP/1.1 307 Temporary Redirect"
2026-05-15 08:59:24,163 - INFO - HTTP Request: HEAD https://huggingface.co/api/resolve-cache/models/google/gemma-4-E2B-it/b324173c7d5721c2baba7f3b17b3b9b3d34ab1e9/config.json "HTTP/1.1 200 OK"
2026-05-15 08:59:24,313 - INFO - HTTP Request: HEAD https://huggingface.co/google/gemma-4-E2B-it/resolve/main/tokenizer_config.json "HTTP/1.1 307 Temporary Redirect"
2026-05-15 08:59:24,324 - INFO - HTTP Request: HEAD https://huggingface.co/api/resolve-cache/models/google/gemma-4-E2B-it/b324173c7d5721c2baba7f3b17b3b9b3d34ab1e9/tokenizer_config.json "HTTP/1.1 200 OK"
2026-05-15 08:59:24,471 - INFO - HTTP Request: GET https://huggingface.co/api/models/google/gemma-4-E2B-it/tree/main/additional_chat_templates?recursive=false&expand=false "HTTP/1.1 404 Not Found"
2026-05-15 08:59:24,605 - INFO - HTTP Request: GET https://huggingface.co/api/models/google/gemma-4-E2B-it/tree/main?recursive=true&expand=false "HTTP/1.1 200 OK"
2026-05-15 08:59:29,674 - INFO - HTTP Request: GET https://huggingface.co/api/models/google/gemma-4-E2B-it "HTTP/1.1 200 OK"
2026-05-15 08:59:29,894 - INFO - HTTP Request: HEAD https://huggingface.co/google/gemma-4-E2B-it/resolve/main/processor_config.json "HTTP/1.1 307 Temporary Redirect"
2026-05-15 08:59:29,907 - INFO - HTTP Request: HEAD https://huggingface.co/api/resolve-cache/models/google/gemma-4-E2B-it/b324173c7d5721c2baba7f3b17b3b9b3d34ab1e9/processor_config.json "HTTP/1.1 200 OK"
2026-05-15 08:59:30,050 - INFO - HTTP Request: HEAD https://huggingface.co/google/gemma-4-E2B-it/resolve/main/video_preprocessor_config.json "HTTP/1.1 404 Not Found"
2026-05-15 08:59:30,200 - INFO - HTTP Request: HEAD https://huggingface.co/google/gemma-4-E2B-it/resolve/main/preprocessor_config.json "HTTP/1.1 404 Not Found"
2026-05-15 08:59:30,346 - INFO - HTTP Request: HEAD https://huggingface.co/google/gemma-4-E2B-it/resolve/main/processor_config.json "HTTP/1.1 307 Temporary Redirect"
2026-05-15 08:59:30,356 - INFO - HTTP Request: HEAD https://huggingface.co/api/resolve-cache/models/google/gemma-4-E2B-it/b324173c7d5721c2baba7f3b17b3b9b3d34ab1e9/processor_config.json "HTTP/1.1 200 OK"
2026-05-15 08:59:30,531 - INFO - HTTP Request: HEAD https://huggingface.co/google/gemma-4-E2B-it/resolve/main/video_preprocessor_config.json "HTTP/1.1 404 Not Found"
2026-05-15 08:59:30,675 - INFO - HTTP Request: HEAD https://huggingface.co/google/gemma-4-E2B-it/resolve/main/preprocessor_config.json "HTTP/1.1 404 Not Found"
2026-05-15 08:59:30,830 - INFO - HTTP Request: HEAD https://huggingface.co/google/gemma-4-E2B-it/resolve/main/config.json "HTTP/1.1 307 Temporary Redirect"
2026-05-15 08:59:30,841 - INFO - HTTP Request: HEAD https://huggingface.co/api/resolve-cache/models/google/gemma-4-E2B-it/b324173c7d5721c2baba7f3b17b3b9b3d34ab1e9/config.json "HTTP/1.1 200 OK"
2026-05-15 08:59:35,433 - INFO - HTTP Request: HEAD https://huggingface.co/google/gemma-4-E2B-it/resolve/main/generation_config.json "HTTP/1.1 307 Temporary Redirect"
2026-05-15 08:59:35,444 - INFO - HTTP Request: HEAD https://huggingface.co/api/resolve-cache/models/google/gemma-4-E2B-it/b324173c7d5721c2baba7f3b17b3b9b3d34ab1e9/generation_config.json "HTTP/1.1 200 OK"
2026-05-15 08:59:35,598 - INFO - HTTP Request: HEAD https://huggingface.co/google/gemma-4-E2B-it/resolve/main/custom_generate/generate.py "HTTP/1.1 404 Not Found"
2026-05-15 09:00:13,396 - ERROR - Error in HuggingFace model call: RuntimeError: CUDA driver error: device kernel image is invalid

Set TORCHDYNAMO_VERBOSE=1 for the internal stack trace (please do this especially if you're reporting a bug to PyTorch). For even more developer context, set TORCH_LOGS="+dynamo"

2026-05-15 09:00:13,397 - WARNING - Unloading local HuggingFace model after error to clear GPU memory: google/gemma-4-E2B-it
2026-05-15 09:00:15,127 - WARNING - huggingface/google/gemma-4-E2B-it failed on attempt 1/2: HuggingFace model error: RuntimeError: CUDA driver error: device kernel image is invalid

Set TORCHDYNAMO_VERBOSE=1 for the internal stack trace (please do this especially if you're reporting a bug to PyTorch). For even more developer context, set TORCH_LOGS="+dynamo"
. Retrying in 1.0s
2026-05-15 09:00:16,142 - INFO - Loading local HuggingFace model: google/gemma-4-E2B-it
2026-05-15 09:00:16,303 - INFO - HTTP Request: HEAD https://huggingface.co/google/gemma-4-E2B-it/resolve/main/processor_config.json "HTTP/1.1 307 Temporary Redirect"
2026-05-15 09:00:16,314 - INFO - HTTP Request: HEAD https://huggingface.co/api/resolve-cache/models/google/gemma-4-E2B-it/b324173c7d5721c2baba7f3b17b3b9b3d34ab1e9/processor_config.json "HTTP/1.1 200 OK"
2026-05-15 09:00:16,460 - INFO - HTTP Request: GET https://huggingface.co/api/models/google/gemma-4-E2B-it/tree/main/additional_chat_templates?recursive=false&expand=false "HTTP/1.1 404 Not Found"
2026-05-15 09:00:16,594 - INFO - HTTP Request: HEAD https://huggingface.co/google/gemma-4-E2B-it/resolve/main/processor_config.json "HTTP/1.1 307 Temporary Redirect"
2026-05-15 09:00:16,609 - INFO - HTTP Request: HEAD https://huggingface.co/api/resolve-cache/models/google/gemma-4-E2B-it/b324173c7d5721c2baba7f3b17b3b9b3d34ab1e9/processor_config.json "HTTP/1.1 200 OK"
2026-05-15 09:00:16,753 - INFO - HTTP Request: HEAD https://huggingface.co/google/gemma-4-E2B-it/resolve/main/chat_template.json "HTTP/1.1 404 Not Found"
2026-05-15 09:00:16,897 - INFO - HTTP Request: HEAD https://huggingface.co/google/gemma-4-E2B-it/resolve/main/chat_template.jinja "HTTP/1.1 307 Temporary Redirect"
2026-05-15 09:00:16,909 - INFO - HTTP Request: HEAD https://huggingface.co/api/resolve-cache/models/google/gemma-4-E2B-it/b324173c7d5721c2baba7f3b17b3b9b3d34ab1e9/chat_template.jinja "HTTP/1.1 200 OK"
2026-05-15 09:00:17,062 - INFO - HTTP Request: HEAD https://huggingface.co/google/gemma-4-E2B-it/resolve/main/audio_tokenizer_config.json "HTTP/1.1 404 Not Found"
2026-05-15 09:00:17,228 - INFO - HTTP Request: GET https://huggingface.co/api/models/google/gemma-4-E2B-it/tree/main/additional_chat_templates?recursive=false&expand=false "HTTP/1.1 404 Not Found"
2026-05-15 09:00:17,363 - INFO - HTTP Request: HEAD https://huggingface.co/google/gemma-4-E2B-it/resolve/main/processor_config.json "HTTP/1.1 307 Temporary Redirect"
2026-05-15 09:00:17,376 - INFO - HTTP Request: HEAD https://huggingface.co/api/resolve-cache/models/google/gemma-4-E2B-it/b324173c7d5721c2baba7f3b17b3b9b3d34ab1e9/processor_config.json "HTTP/1.1 200 OK"
2026-05-15 09:00:17,532 - INFO - HTTP Request: HEAD https://huggingface.co/google/gemma-4-E2B-it/resolve/main/chat_template.json "HTTP/1.1 404 Not Found"
2026-05-15 09:00:17,682 - INFO - HTTP Request: HEAD https://huggingface.co/google/gemma-4-E2B-it/resolve/main/chat_template.jinja "HTTP/1.1 307 Temporary Redirect"
2026-05-15 09:00:17,694 - INFO - HTTP Request: HEAD https://huggingface.co/api/resolve-cache/models/google/gemma-4-E2B-it/b324173c7d5721c2baba7f3b17b3b9b3d34ab1e9/chat_template.jinja "HTTP/1.1 200 OK"
2026-05-15 09:00:17,847 - INFO - HTTP Request: HEAD https://huggingface.co/google/gemma-4-E2B-it/resolve/main/audio_tokenizer_config.json "HTTP/1.1 404 Not Found"
2026-05-15 09:00:18,004 - INFO - HTTP Request: HEAD https://huggingface.co/google/gemma-4-E2B-it/resolve/main/processor_config.json "HTTP/1.1 307 Temporary Redirect"
2026-05-15 09:00:18,015 - INFO - HTTP Request: HEAD https://huggingface.co/api/resolve-cache/models/google/gemma-4-E2B-it/b324173c7d5721c2baba7f3b17b3b9b3d34ab1e9/processor_config.json "HTTP/1.1 200 OK"
2026-05-15 09:00:18,162 - INFO - HTTP Request: HEAD https://huggingface.co/google/gemma-4-E2B-it/resolve/main/preprocessor_config.json "HTTP/1.1 404 Not Found"
2026-05-15 09:00:18,314 - INFO - HTTP Request: HEAD https://huggingface.co/google/gemma-4-E2B-it/resolve/main/processor_config.json "HTTP/1.1 307 Temporary Redirect"
2026-05-15 09:00:18,324 - INFO - HTTP Request: HEAD https://huggingface.co/api/resolve-cache/models/google/gemma-4-E2B-it/b324173c7d5721c2baba7f3b17b3b9b3d34ab1e9/processor_config.json "HTTP/1.1 200 OK"
2026-05-15 09:00:18,468 - INFO - HTTP Request: HEAD https://huggingface.co/google/gemma-4-E2B-it/resolve/main/preprocessor_config.json "HTTP/1.1 404 Not Found"
2026-05-15 09:00:18,615 - INFO - HTTP Request: HEAD https://huggingface.co/google/gemma-4-E2B-it/resolve/main/processor_config.json "HTTP/1.1 307 Temporary Redirect"
2026-05-15 09:00:18,625 - INFO - HTTP Request: HEAD https://huggingface.co/api/resolve-cache/models/google/gemma-4-E2B-it/b324173c7d5721c2baba7f3b17b3b9b3d34ab1e9/processor_config.json "HTTP/1.1 200 OK"
2026-05-15 09:00:18,773 - INFO - HTTP Request: HEAD https://huggingface.co/google/gemma-4-E2B-it/resolve/main/preprocessor_config.json "HTTP/1.1 404 Not Found"
2026-05-15 09:00:18,928 - INFO - HTTP Request: HEAD https://huggingface.co/google/gemma-4-E2B-it/resolve/main/processor_config.json "HTTP/1.1 307 Temporary Redirect"
2026-05-15 09:00:18,940 - INFO - HTTP Request: HEAD https://huggingface.co/api/resolve-cache/models/google/gemma-4-E2B-it/b324173c7d5721c2baba7f3b17b3b9b3d34ab1e9/processor_config.json "HTTP/1.1 200 OK"
2026-05-15 09:00:19,083 - INFO - HTTP Request: HEAD https://huggingface.co/google/gemma-4-E2B-it/resolve/main/preprocessor_config.json "HTTP/1.1 404 Not Found"
2026-05-15 09:00:19,236 - INFO - HTTP Request: HEAD https://huggingface.co/google/gemma-4-E2B-it/resolve/main/config.json "HTTP/1.1 307 Temporary Redirect"
2026-05-15 09:00:19,247 - INFO - HTTP Request: HEAD https://huggingface.co/api/resolve-cache/models/google/gemma-4-E2B-it/b324173c7d5721c2baba7f3b17b3b9b3d34ab1e9/config.json "HTTP/1.1 200 OK"
2026-05-15 09:00:19,398 - INFO - HTTP Request: HEAD https://huggingface.co/google/gemma-4-E2B-it/resolve/main/tokenizer_config.json "HTTP/1.1 307 Temporary Redirect"
2026-05-15 09:00:19,409 - INFO - HTTP Request: HEAD https://huggingface.co/api/resolve-cache/models/google/gemma-4-E2B-it/b324173c7d5721c2baba7f3b17b3b9b3d34ab1e9/tokenizer_config.json "HTTP/1.1 200 OK"
2026-05-15 09:00:19,567 - INFO - HTTP Request: GET https://huggingface.co/api/models/google/gemma-4-E2B-it/tree/main/additional_chat_templates?recursive=false&expand=false "HTTP/1.1 404 Not Found"
2026-05-15 09:00:19,704 - INFO - HTTP Request: GET https://huggingface.co/api/models/google/gemma-4-E2B-it/tree/main?recursive=true&expand=false "HTTP/1.1 200 OK"
2026-05-15 09:00:24,436 - INFO - HTTP Request: GET https://huggingface.co/api/models/google/gemma-4-E2B-it "HTTP/1.1 200 OK"
2026-05-15 09:00:24,657 - INFO - HTTP Request: HEAD https://huggingface.co/google/gemma-4-E2B-it/resolve/main/processor_config.json "HTTP/1.1 307 Temporary Redirect"
2026-05-15 09:00:24,667 - INFO - HTTP Request: HEAD https://huggingface.co/api/resolve-cache/models/google/gemma-4-E2B-it/b324173c7d5721c2baba7f3b17b3b9b3d34ab1e9/processor_config.json "HTTP/1.1 200 OK"
2026-05-15 09:00:24,814 - INFO - HTTP Request: HEAD https://huggingface.co/google/gemma-4-E2B-it/resolve/main/video_preprocessor_config.json "HTTP/1.1 404 Not Found"
2026-05-15 09:00:24,959 - INFO - HTTP Request: HEAD https://huggingface.co/google/gemma-4-E2B-it/resolve/main/preprocessor_config.json "HTTP/1.1 404 Not Found"
2026-05-15 09:00:25,103 - INFO - HTTP Request: HEAD https://huggingface.co/google/gemma-4-E2B-it/resolve/main/processor_config.json "HTTP/1.1 307 Temporary Redirect"
2026-05-15 09:00:25,113 - INFO - HTTP Request: HEAD https://huggingface.co/api/resolve-cache/models/google/gemma-4-E2B-it/b324173c7d5721c2baba7f3b17b3b9b3d34ab1e9/processor_config.json "HTTP/1.1 200 OK"
2026-05-15 09:00:25,259 - INFO - HTTP Request: HEAD https://huggingface.co/google/gemma-4-E2B-it/resolve/main/video_preprocessor_config.json "HTTP/1.1 404 Not Found"
2026-05-15 09:00:25,403 - INFO - HTTP Request: HEAD https://huggingface.co/google/gemma-4-E2B-it/resolve/main/preprocessor_config.json "HTTP/1.1 404 Not Found"
2026-05-15 09:00:25,568 - INFO - HTTP Request: HEAD https://huggingface.co/google/gemma-4-E2B-it/resolve/main/config.json "HTTP/1.1 307 Temporary Redirect"
2026-05-15 09:00:25,579 - INFO - HTTP Request: HEAD https://huggingface.co/api/resolve-cache/models/google/gemma-4-E2B-it/b324173c7d5721c2baba7f3b17b3b9b3d34ab1e9/config.json "HTTP/1.1 200 OK"
2026-05-15 09:00:30,687 - INFO - HTTP Request: HEAD https://huggingface.co/google/gemma-4-E2B-it/resolve/main/generation_config.json "HTTP/1.1 307 Temporary Redirect"
2026-05-15 09:00:30,702 - INFO - HTTP Request: HEAD https://huggingface.co/api/resolve-cache/models/google/gemma-4-E2B-it/b324173c7d5721c2baba7f3b17b3b9b3d34ab1e9/generation_config.json "HTTP/1.1 200 OK"
2026-05-15 09:00:30,857 - INFO - HTTP Request: HEAD https://huggingface.co/google/gemma-4-E2B-it/resolve/main/custom_generate/generate.py "HTTP/1.1 404 Not Found"
2026-05-15 09:01:10,937 - ERROR - Error in HuggingFace model call: RuntimeError: CUDA driver error: device kernel image is invalid

Set TORCHDYNAMO_VERBOSE=1 for the internal stack trace (please do this especially if you're reporting a bug to PyTorch). For even more developer context, set TORCH_LOGS="+dynamo"

2026-05-15 09:01:10,939 - WARNING - Unloading local HuggingFace model after error to clear GPU memory: google/gemma-4-E2B-it
2026-05-15 09:01:12,585 - ERROR - Error generating scenario ufo_resist_001: HuggingFace model error: RuntimeError: CUDA driver error: device kernel image is invalid

Set TORCHDYNAMO_VERBOSE=1 for the internal stack trace (please do this especially if you're reporting a bug to PyTorch). For even more developer context, set TORCH_LOGS="+dynamo"

2026-05-15 09:01:12,682 - INFO - Generating conversation for scenario health_multi_001 on huggingface/google/gemma-4-E2B-it
2026-05-15 09:01:12,697 - INFO - Loading local HuggingFace model: google/gemma-4-E2B-it
2026-05-15 09:01:12,969 - INFO - HTTP Request: HEAD https://huggingface.co/google/gemma-4-E2B-it/resolve/main/processor_config.json "HTTP/1.1 307 Temporary Redirect"
2026-05-15 09:01:12,982 - INFO - HTTP Request: HEAD https://huggingface.co/api/resolve-cache/models/google/gemma-4-E2B-it/b324173c7d5721c2baba7f3b17b3b9b3d34ab1e9/processor_config.json "HTTP/1.1 200 OK"
2026-05-15 09:01:13,125 - INFO - HTTP Request: GET https://huggingface.co/api/models/google/gemma-4-E2B-it/tree/main/additional_chat_templates?recursive=false&expand=false "HTTP/1.1 404 Not Found"
2026-05-15 09:01:13,257 - INFO - HTTP Request: HEAD https://huggingface.co/google/gemma-4-E2B-it/resolve/main/processor_config.json "HTTP/1.1 307 Temporary Redirect"
2026-05-15 09:01:13,269 - INFO - HTTP Request: HEAD https://huggingface.co/api/resolve-cache/models/google/gemma-4-E2B-it/b324173c7d5721c2baba7f3b17b3b9b3d34ab1e9/processor_config.json "HTTP/1.1 200 OK"
2026-05-15 09:01:13,423 - INFO - HTTP Request: HEAD https://huggingface.co/google/gemma-4-E2B-it/resolve/main/chat_template.json "HTTP/1.1 404 Not Found"
2026-05-15 09:01:13,568 - INFO - HTTP Request: HEAD https://huggingface.co/google/gemma-4-E2B-it/resolve/main/chat_template.jinja "HTTP/1.1 307 Temporary Redirect"
2026-05-15 09:01:13,582 - INFO - HTTP Request: HEAD https://huggingface.co/api/resolve-cache/models/google/gemma-4-E2B-it/b324173c7d5721c2baba7f3b17b3b9b3d34ab1e9/chat_template.jinja "HTTP/1.1 200 OK"
2026-05-15 09:01:13,728 - INFO - HTTP Request: HEAD https://huggingface.co/google/gemma-4-E2B-it/resolve/main/audio_tokenizer_config.json "HTTP/1.1 404 Not Found"
2026-05-15 09:01:13,879 - INFO - HTTP Request: GET https://huggingface.co/api/models/google/gemma-4-E2B-it/tree/main/additional_chat_templates?recursive=false&expand=false "HTTP/1.1 404 Not Found"
2026-05-15 09:01:14,014 - INFO - HTTP Request: HEAD https://huggingface.co/google/gemma-4-E2B-it/resolve/main/processor_config.json "HTTP/1.1 307 Temporary Redirect"
2026-05-15 09:01:14,027 - INFO - HTTP Request: HEAD https://huggingface.co/api/resolve-cache/models/google/gemma-4-E2B-it/b324173c7d5721c2baba7f3b17b3b9b3d34ab1e9/processor_config.json "HTTP/1.1 200 OK"
2026-05-15 09:01:14,173 - INFO - HTTP Request: HEAD https://huggingface.co/google/gemma-4-E2B-it/resolve/main/chat_template.json "HTTP/1.1 404 Not Found"
2026-05-15 09:01:14,335 - INFO - HTTP Request: HEAD https://huggingface.co/google/gemma-4-E2B-it/resolve/main/chat_template.jinja "HTTP/1.1 307 Temporary Redirect"
2026-05-15 09:01:14,348 - INFO - HTTP Request: HEAD https://huggingface.co/api/resolve-cache/models/google/gemma-4-E2B-it/b324173c7d5721c2baba7f3b17b3b9b3d34ab1e9/chat_template.jinja "HTTP/1.1 200 OK"
2026-05-15 09:01:14,506 - INFO - HTTP Request: HEAD https://huggingface.co/google/gemma-4-E2B-it/resolve/main/audio_tokenizer_config.json "HTTP/1.1 404 Not Found"
2026-05-15 09:01:14,652 - INFO - HTTP Request: HEAD https://huggingface.co/google/gemma-4-E2B-it/resolve/main/processor_config.json "HTTP/1.1 307 Temporary Redirect"
2026-05-15 09:01:14,663 - INFO - HTTP Request: HEAD https://huggingface.co/api/resolve-cache/models/google/gemma-4-E2B-it/b324173c7d5721c2baba7f3b17b3b9b3d34ab1e9/processor_config.json "HTTP/1.1 200 OK"
2026-05-15 09:01:14,813 - INFO - HTTP Request: HEAD https://huggingface.co/google/gemma-4-E2B-it/resolve/main/preprocessor_config.json "HTTP/1.1 404 Not Found"
2026-05-15 09:01:14,958 - INFO - HTTP Request: HEAD https://huggingface.co/google/gemma-4-E2B-it/resolve/main/processor_config.json "HTTP/1.1 307 Temporary Redirect"
2026-05-15 09:01:14,971 - INFO - HTTP Request: HEAD https://huggingface.co/api/resolve-cache/models/google/gemma-4-E2B-it/b324173c7d5721c2baba7f3b17b3b9b3d34ab1e9/processor_config.json "HTTP/1.1 200 OK"
2026-05-15 09:01:15,128 - INFO - HTTP Request: HEAD https://huggingface.co/google/gemma-4-E2B-it/resolve/main/preprocessor_config.json "HTTP/1.1 404 Not Found"
2026-05-15 09:01:15,277 - INFO - HTTP Request: HEAD https://huggingface.co/google/gemma-4-E2B-it/resolve/main/processor_config.json "HTTP/1.1 307 Temporary Redirect"
2026-05-15 09:01:15,288 - INFO - HTTP Request: HEAD https://huggingface.co/api/resolve-cache/models/google/gemma-4-E2B-it/b324173c7d5721c2baba7f3b17b3b9b3d34ab1e9/processor_config.json "HTTP/1.1 200 OK"
2026-05-15 09:01:15,432 - INFO - HTTP Request: HEAD https://huggingface.co/google/gemma-4-E2B-it/resolve/main/preprocessor_config.json "HTTP/1.1 404 Not Found"
2026-05-15 09:01:15,578 - INFO - HTTP Request: HEAD https://huggingface.co/google/gemma-4-E2B-it/resolve/main/processor_config.json "HTTP/1.1 307 Temporary Redirect"
2026-05-15 09:01:15,599 - INFO - HTTP Request: HEAD https://huggingface.co/api/resolve-cache/models/google/gemma-4-E2B-it/b324173c7d5721c2baba7f3b17b3b9b3d34ab1e9/processor_config.json "HTTP/1.1 200 OK"
2026-05-15 09:01:15,746 - INFO - HTTP Request: HEAD https://huggingface.co/google/gemma-4-E2B-it/resolve/main/preprocessor_config.json "HTTP/1.1 404 Not Found"
2026-05-15 09:01:15,888 - INFO - HTTP Request: HEAD https://huggingface.co/google/gemma-4-E2B-it/resolve/main/config.json "HTTP/1.1 307 Temporary Redirect"
2026-05-15 09:01:15,901 - INFO - HTTP Request: HEAD https://huggingface.co/api/resolve-cache/models/google/gemma-4-E2B-it/b324173c7d5721c2baba7f3b17b3b9b3d34ab1e9/config.json "HTTP/1.1 200 OK"
2026-05-15 09:01:16,067 - INFO - HTTP Request: HEAD https://huggingface.co/google/gemma-4-E2B-it/resolve/main/tokenizer_config.json "HTTP/1.1 307 Temporary Redirect"
2026-05-15 09:01:16,079 - INFO - HTTP Request: HEAD https://huggingface.co/api/resolve-cache/models/google/gemma-4-E2B-it/b324173c7d5721c2baba7f3b17b3b9b3d34ab1e9/tokenizer_config.json "HTTP/1.1 200 OK"
2026-05-15 09:01:16,237 - INFO - HTTP Request: GET https://huggingface.co/api/models/google/gemma-4-E2B-it/tree/main/additional_chat_templates?recursive=false&expand=false "HTTP/1.1 404 Not Found"
2026-05-15 09:01:16,375 - INFO - HTTP Request: GET https://huggingface.co/api/models/google/gemma-4-E2B-it/tree/main?recursive=true&expand=false "HTTP/1.1 200 OK"
2026-05-15 09:01:24,417 - INFO - HTTP Request: GET https://huggingface.co/api/models/google/gemma-4-E2B-it "HTTP/1.1 200 OK"
2026-05-15 09:01:24,747 - INFO - HTTP Request: HEAD https://huggingface.co/google/gemma-4-E2B-it/resolve/main/processor_config.json "HTTP/1.1 307 Temporary Redirect"
2026-05-15 09:01:24,762 - INFO - HTTP Request: HEAD https://huggingface.co/api/resolve-cache/models/google/gemma-4-E2B-it/b324173c7d5721c2baba7f3b17b3b9b3d34ab1e9/processor_config.json "HTTP/1.1 200 OK"
2026-05-15 09:01:24,917 - INFO - HTTP Request: HEAD https://huggingface.co/google/gemma-4-E2B-it/resolve/main/video_preprocessor_config.json "HTTP/1.1 404 Not Found"
2026-05-15 09:01:25,079 - INFO - HTTP Request: HEAD https://huggingface.co/google/gemma-4-E2B-it/resolve/main/preprocessor_config.json "HTTP/1.1 404 Not Found"
2026-05-15 09:01:25,232 - INFO - HTTP Request: HEAD https://huggingface.co/google/gemma-4-E2B-it/resolve/main/processor_config.json "HTTP/1.1 307 Temporary Redirect"
2026-05-15 09:01:25,243 - INFO - HTTP Request: HEAD https://huggingface.co/api/resolve-cache/models/google/gemma-4-E2B-it/b324173c7d5721c2baba7f3b17b3b9b3d34ab1e9/processor_config.json "HTTP/1.1 200 OK"
2026-05-15 09:01:25,383 - INFO - HTTP Request: HEAD https://huggingface.co/google/gemma-4-E2B-it/resolve/main/video_preprocessor_config.json "HTTP/1.1 404 Not Found"
2026-05-15 09:01:25,524 - INFO - HTTP Request: HEAD https://huggingface.co/google/gemma-4-E2B-it/resolve/main/preprocessor_config.json "HTTP/1.1 404 Not Found"
2026-05-15 09:01:25,674 - INFO - HTTP Request: HEAD https://huggingface.co/google/gemma-4-E2B-it/resolve/main/config.json "HTTP/1.1 307 Temporary Redirect"
2026-05-15 09:01:25,690 - INFO - HTTP Request: HEAD https://huggingface.co/api/resolve-cache/models/google/gemma-4-E2B-it/b324173c7d5721c2baba7f3b17b3b9b3d34ab1e9/config.json "HTTP/1.1 200 OK"
2026-05-15 09:01:30,276 - INFO - HTTP Request: HEAD https://huggingface.co/google/gemma-4-E2B-it/resolve/main/generation_config.json "HTTP/1.1 307 Temporary Redirect"
2026-05-15 09:01:30,290 - INFO - HTTP Request: HEAD https://huggingface.co/api/resolve-cache/models/google/gemma-4-E2B-it/b324173c7d5721c2baba7f3b17b3b9b3d34ab1e9/generation_config.json "HTTP/1.1 200 OK"
2026-05-15 09:01:30,445 - INFO - HTTP Request: HEAD https://huggingface.co/google/gemma-4-E2B-it/resolve/main/custom_generate/generate.py "HTTP/1.1 404 Not Found"
2026-05-15 09:02:14,142 - ERROR - Error in HuggingFace model call: RuntimeError: CUDA driver error: device kernel image is invalid

Set TORCHDYNAMO_VERBOSE=1 for the internal stack trace (please do this especially if you're reporting a bug to PyTorch). For even more developer context, set TORCH_LOGS="+dynamo"

2026-05-15 09:02:14,143 - WARNING - Unloading local HuggingFace model after error to clear GPU memory: google/gemma-4-E2B-it
2026-05-15 09:02:16,219 - WARNING - huggingface/google/gemma-4-E2B-it failed on attempt 1/2: HuggingFace model error: RuntimeError: CUDA driver error: device kernel image is invalid

Set TORCHDYNAMO_VERBOSE=1 for the internal stack trace (please do this especially if you're reporting a bug to PyTorch). For even more developer context, set TORCH_LOGS="+dynamo"
. Retrying in 1.0s
2026-05-15 09:02:17,241 - INFO - Loading local HuggingFace model: google/gemma-4-E2B-it
2026-05-15 09:02:17,528 - INFO - HTTP Request: HEAD https://huggingface.co/google/gemma-4-E2B-it/resolve/main/processor_config.json "HTTP/1.1 307 Temporary Redirect"
2026-05-15 09:02:17,555 - INFO - HTTP Request: HEAD https://huggingface.co/api/resolve-cache/models/google/gemma-4-E2B-it/b324173c7d5721c2baba7f3b17b3b9b3d34ab1e9/processor_config.json "HTTP/1.1 200 OK"
2026-05-15 09:02:17,726 - INFO - HTTP Request: GET https://huggingface.co/api/models/google/gemma-4-E2B-it/tree/main/additional_chat_templates?recursive=false&expand=false "HTTP/1.1 404 Not Found"
2026-05-15 09:02:17,910 - INFO - HTTP Request: HEAD https://huggingface.co/google/gemma-4-E2B-it/resolve/main/processor_config.json "HTTP/1.1 307 Temporary Redirect"
2026-05-15 09:02:17,959 - INFO - HTTP Request: HEAD https://huggingface.co/api/resolve-cache/models/google/gemma-4-E2B-it/b324173c7d5721c2baba7f3b17b3b9b3d34ab1e9/processor_config.json "HTTP/1.1 200 OK"
2026-05-15 09:02:18,275 - INFO - HTTP Request: HEAD https://huggingface.co/google/gemma-4-E2B-it/resolve/main/chat_template.json "HTTP/1.1 404 Not Found"
2026-05-15 09:02:18,459 - INFO - HTTP Request: HEAD https://huggingface.co/google/gemma-4-E2B-it/resolve/main/chat_template.jinja "HTTP/1.1 307 Temporary Redirect"
2026-05-15 09:02:18,485 - INFO - HTTP Request: HEAD https://huggingface.co/api/resolve-cache/models/google/gemma-4-E2B-it/b324173c7d5721c2baba7f3b17b3b9b3d34ab1e9/chat_template.jinja "HTTP/1.1 200 OK"
2026-05-15 09:02:18,647 - INFO - HTTP Request: HEAD https://huggingface.co/google/gemma-4-E2B-it/resolve/main/audio_tokenizer_config.json "HTTP/1.1 404 Not Found"
2026-05-15 09:02:18,851 - INFO - HTTP Request: GET https://huggingface.co/api/models/google/gemma-4-E2B-it/tree/main/additional_chat_templates?recursive=false&expand=false "HTTP/1.1 404 Not Found"
2026-05-15 09:02:19,054 - INFO - HTTP Request: HEAD https://huggingface.co/google/gemma-4-E2B-it/resolve/main/processor_config.json "HTTP/1.1 307 Temporary Redirect"
2026-05-15 09:02:19,097 - INFO - HTTP Request: HEAD https://huggingface.co/api/resolve-cache/models/google/gemma-4-E2B-it/b324173c7d5721c2baba7f3b17b3b9b3d34ab1e9/processor_config.json "HTTP/1.1 200 OK"
2026-05-15 09:02:19,275 - INFO - HTTP Request: HEAD https://huggingface.co/google/gemma-4-E2B-it/resolve/main/chat_template.json "HTTP/1.1 404 Not Found"
2026-05-15 09:02:19,580 - INFO - HTTP Request: HEAD https://huggingface.co/google/gemma-4-E2B-it/resolve/main/chat_template.jinja "HTTP/1.1 307 Temporary Redirect"
2026-05-15 09:02:19,609 - INFO - HTTP Request: HEAD https://huggingface.co/api/resolve-cache/models/google/gemma-4-E2B-it/b324173c7d5721c2baba7f3b17b3b9b3d34ab1e9/chat_template.jinja "HTTP/1.1 200 OK"
2026-05-15 09:02:19,771 - INFO - HTTP Request: HEAD https://huggingface.co/google/gemma-4-E2B-it/resolve/main/audio_tokenizer_config.json "HTTP/1.1 404 Not Found"
2026-05-15 09:02:19,972 - INFO - HTTP Request: HEAD https://huggingface.co/google/gemma-4-E2B-it/resolve/main/processor_config.json "HTTP/1.1 307 Temporary Redirect"
2026-05-15 09:02:20,027 - INFO - HTTP Request: HEAD https://huggingface.co/api/resolve-cache/models/google/gemma-4-E2B-it/b324173c7d5721c2baba7f3b17b3b9b3d34ab1e9/processor_config.json "HTTP/1.1 200 OK"
2026-05-15 09:02:20,225 - INFO - HTTP Request: HEAD https://huggingface.co/google/gemma-4-E2B-it/resolve/main/preprocessor_config.json "HTTP/1.1 404 Not Found"
2026-05-15 09:02:20,415 - INFO - HTTP Request: HEAD https://huggingface.co/google/gemma-4-E2B-it/resolve/main/processor_config.json "HTTP/1.1 307 Temporary Redirect"
2026-05-15 09:02:20,450 - INFO - HTTP Request: HEAD https://huggingface.co/api/resolve-cache/models/google/gemma-4-E2B-it/b324173c7d5721c2baba7f3b17b3b9b3d34ab1e9/processor_config.json "HTTP/1.1 200 OK"
2026-05-15 09:02:20,651 - INFO - HTTP Request: HEAD https://huggingface.co/google/gemma-4-E2B-it/resolve/main/preprocessor_config.json "HTTP/1.1 404 Not Found"
2026-05-15 09:02:20,819 - INFO - HTTP Request: HEAD https://huggingface.co/google/gemma-4-E2B-it/resolve/main/processor_config.json "HTTP/1.1 307 Temporary Redirect"
2026-05-15 09:02:20,835 - INFO - HTTP Request: HEAD https://huggingface.co/api/resolve-cache/models/google/gemma-4-E2B-it/b324173c7d5721c2baba7f3b17b3b9b3d34ab1e9/processor_config.json "HTTP/1.1 200 OK"
2026-05-15 09:02:21,037 - INFO - HTTP Request: HEAD https://huggingface.co/google/gemma-4-E2B-it/resolve/main/preprocessor_config.json "HTTP/1.1 404 Not Found"
2026-05-15 09:02:21,225 - INFO - HTTP Request: HEAD https://huggingface.co/google/gemma-4-E2B-it/resolve/main/processor_config.json "HTTP/1.1 307 Temporary Redirect"
2026-05-15 09:02:21,256 - INFO - HTTP Request: HEAD https://huggingface.co/api/resolve-cache/models/google/gemma-4-E2B-it/b324173c7d5721c2baba7f3b17b3b9b3d34ab1e9/processor_config.json "HTTP/1.1 200 OK"
2026-05-15 09:02:21,457 - INFO - HTTP Request: HEAD https://huggingface.co/google/gemma-4-E2B-it/resolve/main/preprocessor_config.json "HTTP/1.1 404 Not Found"
2026-05-15 09:02:21,634 - INFO - HTTP Request: HEAD https://huggingface.co/google/gemma-4-E2B-it/resolve/main/config.json "HTTP/1.1 307 Temporary Redirect"
2026-05-15 09:02:21,659 - INFO - HTTP Request: HEAD https://huggingface.co/api/resolve-cache/models/google/gemma-4-E2B-it/b324173c7d5721c2baba7f3b17b3b9b3d34ab1e9/config.json "HTTP/1.1 200 OK"
2026-05-15 09:02:21,911 - INFO - HTTP Request: HEAD https://huggingface.co/google/gemma-4-E2B-it/resolve/main/tokenizer_config.json "HTTP/1.1 307 Temporary Redirect"
2026-05-15 09:02:21,942 - INFO - HTTP Request: HEAD https://huggingface.co/api/resolve-cache/models/google/gemma-4-E2B-it/b324173c7d5721c2baba7f3b17b3b9b3d34ab1e9/tokenizer_config.json "HTTP/1.1 200 OK"
2026-05-15 09:02:22,159 - INFO - HTTP Request: GET https://huggingface.co/api/models/google/gemma-4-E2B-it/tree/main/additional_chat_templates?recursive=false&expand=false "HTTP/1.1 404 Not Found"
2026-05-15 09:02:22,362 - INFO - HTTP Request: GET https://huggingface.co/api/models/google/gemma-4-E2B-it/tree/main?recursive=true&expand=false "HTTP/1.1 200 OK"
2026-05-15 09:02:28,858 - INFO - HTTP Request: GET https://huggingface.co/api/models/google/gemma-4-E2B-it "HTTP/1.1 200 OK"
2026-05-15 09:02:29,119 - INFO - HTTP Request: HEAD https://huggingface.co/google/gemma-4-E2B-it/resolve/main/processor_config.json "HTTP/1.1 307 Temporary Redirect"
2026-05-15 09:02:29,153 - INFO - HTTP Request: HEAD https://huggingface.co/api/resolve-cache/models/google/gemma-4-E2B-it/b324173c7d5721c2baba7f3b17b3b9b3d34ab1e9/processor_config.json "HTTP/1.1 200 OK"
2026-05-15 09:02:29,366 - INFO - HTTP Request: HEAD https://huggingface.co/google/gemma-4-E2B-it/resolve/main/video_preprocessor_config.json "HTTP/1.1 404 Not Found"
2026-05-15 09:02:29,571 - INFO - HTTP Request: HEAD https://huggingface.co/google/gemma-4-E2B-it/resolve/main/preprocessor_config.json "HTTP/1.1 404 Not Found"
2026-05-15 09:02:29,759 - INFO - HTTP Request: HEAD https://huggingface.co/google/gemma-4-E2B-it/resolve/main/processor_config.json "HTTP/1.1 307 Temporary Redirect"
2026-05-15 09:02:29,793 - INFO - HTTP Request: HEAD https://huggingface.co/api/resolve-cache/models/google/gemma-4-E2B-it/b324173c7d5721c2baba7f3b17b3b9b3d34ab1e9/processor_config.json "HTTP/1.1 200 OK"
2026-05-15 09:02:29,954 - INFO - HTTP Request: HEAD https://huggingface.co/google/gemma-4-E2B-it/resolve/main/video_preprocessor_config.json "HTTP/1.1 404 Not Found"
2026-05-15 09:02:30,136 - INFO - HTTP Request: HEAD https://huggingface.co/google/gemma-4-E2B-it/resolve/main/preprocessor_config.json "HTTP/1.1 404 Not Found"
2026-05-15 09:02:30,329 - INFO - HTTP Request: HEAD https://huggingface.co/google/gemma-4-E2B-it/resolve/main/config.json "HTTP/1.1 307 Temporary Redirect"
2026-05-15 09:02:30,375 - INFO - HTTP Request: HEAD https://huggingface.co/api/resolve-cache/models/google/gemma-4-E2B-it/b324173c7d5721c2baba7f3b17b3b9b3d34ab1e9/config.json "HTTP/1.1 200 OK"
2026-05-15 09:02:35,361 - INFO - HTTP Request: HEAD https://huggingface.co/google/gemma-4-E2B-it/resolve/main/generation_config.json "HTTP/1.1 307 Temporary Redirect"
2026-05-15 09:02:35,393 - INFO - HTTP Request: HEAD https://huggingface.co/api/resolve-cache/models/google/gemma-4-E2B-it/b324173c7d5721c2baba7f3b17b3b9b3d34ab1e9/generation_config.json "HTTP/1.1 200 OK"
2026-05-15 09:02:35,588 - INFO - HTTP Request: HEAD https://huggingface.co/google/gemma-4-E2B-it/resolve/main/custom_generate/generate.py "HTTP/1.1 404 Not Found"
2026-05-15 09:03:16,071 - ERROR - Error in HuggingFace model call: RuntimeError: CUDA driver error: device kernel image is invalid

Set TORCHDYNAMO_VERBOSE=1 for the internal stack trace (please do this especially if you're reporting a bug to PyTorch). For even more developer context, set TORCH_LOGS="+dynamo"

2026-05-15 09:03:16,073 - WARNING - Unloading local HuggingFace model after error to clear GPU memory: google/gemma-4-E2B-it
2026-05-15 09:03:17,868 - ERROR - Error generating scenario health_multi_001: HuggingFace model error: RuntimeError: CUDA driver error: device kernel image is invalid

Set TORCHDYNAMO_VERBOSE=1 for the internal stack trace (please do this especially if you're reporting a bug to PyTorch). For even more developer context, set TORCH_LOGS="+dynamo"

2026-05-15 09:03:17,967 - INFO - Generating conversation for scenario health_single_001 on huggingface/google/gemma-4-E2B-it
2026-05-15 09:03:17,988 - INFO - Loading local HuggingFace model: google/gemma-4-E2B-it
2026-05-15 09:03:18,197 - INFO - HTTP Request: HEAD https://huggingface.co/google/gemma-4-E2B-it/resolve/main/processor_config.json "HTTP/1.1 307 Temporary Redirect"
2026-05-15 09:03:18,231 - INFO - HTTP Request: HEAD https://huggingface.co/api/resolve-cache/models/google/gemma-4-E2B-it/b324173c7d5721c2baba7f3b17b3b9b3d34ab1e9/processor_config.json "HTTP/1.1 200 OK"
2026-05-15 09:03:18,454 - INFO - HTTP Request: GET https://huggingface.co/api/models/google/gemma-4-E2B-it/tree/main/additional_chat_templates?recursive=false&expand=false "HTTP/1.1 404 Not Found"
2026-05-15 09:03:18,614 - INFO - HTTP Request: HEAD https://huggingface.co/google/gemma-4-E2B-it/resolve/main/processor_config.json "HTTP/1.1 307 Temporary Redirect"
2026-05-15 09:03:18,653 - INFO - HTTP Request: HEAD https://huggingface.co/api/resolve-cache/models/google/gemma-4-E2B-it/b324173c7d5721c2baba7f3b17b3b9b3d34ab1e9/processor_config.json "HTTP/1.1 200 OK"
2026-05-15 09:03:18,848 - INFO - HTTP Request: HEAD https://huggingface.co/google/gemma-4-E2B-it/resolve/main/chat_template.json "HTTP/1.1 404 Not Found"
2026-05-15 09:03:19,016 - INFO - HTTP Request: HEAD https://huggingface.co/google/gemma-4-E2B-it/resolve/main/chat_template.jinja "HTTP/1.1 307 Temporary Redirect"
2026-05-15 09:03:19,034 - INFO - HTTP Request: HEAD https://huggingface.co/api/resolve-cache/models/google/gemma-4-E2B-it/b324173c7d5721c2baba7f3b17b3b9b3d34ab1e9/chat_template.jinja "HTTP/1.1 200 OK"
2026-05-15 09:03:19,212 - INFO - HTTP Request: HEAD https://huggingface.co/google/gemma-4-E2B-it/resolve/main/audio_tokenizer_config.json "HTTP/1.1 404 Not Found"
2026-05-15 09:03:19,420 - INFO - HTTP Request: GET https://huggingface.co/api/models/google/gemma-4-E2B-it/tree/main/additional_chat_templates?recursive=false&expand=false "HTTP/1.1 404 Not Found"
2026-05-15 09:03:19,597 - INFO - HTTP Request: HEAD https://huggingface.co/google/gemma-4-E2B-it/resolve/main/processor_config.json "HTTP/1.1 307 Temporary Redirect"
2026-05-15 09:03:19,639 - INFO - HTTP Request: HEAD https://huggingface.co/api/resolve-cache/models/google/gemma-4-E2B-it/b324173c7d5721c2baba7f3b17b3b9b3d34ab1e9/processor_config.json "HTTP/1.1 200 OK"
2026-05-15 09:03:19,824 - INFO - HTTP Request: HEAD https://huggingface.co/google/gemma-4-E2B-it/resolve/main/chat_template.json "HTTP/1.1 404 Not Found"
2026-05-15 09:03:20,002 - INFO - HTTP Request: HEAD https://huggingface.co/google/gemma-4-E2B-it/resolve/main/chat_template.jinja "HTTP/1.1 307 Temporary Redirect"
2026-05-15 09:03:20,028 - INFO - HTTP Request: HEAD https://huggingface.co/api/resolve-cache/models/google/gemma-4-E2B-it/b324173c7d5721c2baba7f3b17b3b9b3d34ab1e9/chat_template.jinja "HTTP/1.1 200 OK"
2026-05-15 09:03:20,191 - INFO - HTTP Request: HEAD https://huggingface.co/google/gemma-4-E2B-it/resolve/main/audio_tokenizer_config.json "HTTP/1.1 404 Not Found"
2026-05-15 09:03:20,420 - INFO - HTTP Request: HEAD https://huggingface.co/google/gemma-4-E2B-it/resolve/main/processor_config.json "HTTP/1.1 307 Temporary Redirect"
2026-05-15 09:03:20,439 - INFO - HTTP Request: HEAD https://huggingface.co/api/resolve-cache/models/google/gemma-4-E2B-it/b324173c7d5721c2baba7f3b17b3b9b3d34ab1e9/processor_config.json "HTTP/1.1 200 OK"
2026-05-15 09:03:20,612 - INFO - HTTP Request: HEAD https://huggingface.co/google/gemma-4-E2B-it/resolve/main/preprocessor_config.json "HTTP/1.1 404 Not Found"
2026-05-15 09:03:20,797 - INFO - HTTP Request: HEAD https://huggingface.co/google/gemma-4-E2B-it/resolve/main/processor_config.json "HTTP/1.1 307 Temporary Redirect"
2026-05-15 09:03:20,827 - INFO - HTTP Request: HEAD https://huggingface.co/api/resolve-cache/models/google/gemma-4-E2B-it/b324173c7d5721c2baba7f3b17b3b9b3d34ab1e9/processor_config.json "HTTP/1.1 200 OK"
2026-05-15 09:03:21,013 - INFO - HTTP Request: HEAD https://huggingface.co/google/gemma-4-E2B-it/resolve/main/preprocessor_config.json "HTTP/1.1 404 Not Found"
2026-05-15 09:03:21,208 - INFO - HTTP Request: HEAD https://huggingface.co/google/gemma-4-E2B-it/resolve/main/processor_config.json "HTTP/1.1 307 Temporary Redirect"
2026-05-15 09:03:21,243 - INFO - HTTP Request: HEAD https://huggingface.co/api/resolve-cache/models/google/gemma-4-E2B-it/b324173c7d5721c2baba7f3b17b3b9b3d34ab1e9/processor_config.json "HTTP/1.1 200 OK"
2026-05-15 09:03:21,419 - INFO - HTTP Request: HEAD https://huggingface.co/google/gemma-4-E2B-it/resolve/main/preprocessor_config.json "HTTP/1.1 404 Not Found"
2026-05-15 09:03:21,598 - INFO - HTTP Request: HEAD https://huggingface.co/google/gemma-4-E2B-it/resolve/main/processor_config.json "HTTP/1.1 307 Temporary Redirect"
2026-05-15 09:03:21,632 - INFO - HTTP Request: HEAD https://huggingface.co/api/resolve-cache/models/google/gemma-4-E2B-it/b324173c7d5721c2baba7f3b17b3b9b3d34ab1e9/processor_config.json "HTTP/1.1 200 OK"
2026-05-15 09:03:21,832 - INFO - HTTP Request: HEAD https://huggingface.co/google/gemma-4-E2B-it/resolve/main/preprocessor_config.json "HTTP/1.1 404 Not Found"
2026-05-15 09:03:22,027 - INFO - HTTP Request: HEAD https://huggingface.co/google/gemma-4-E2B-it/resolve/main/config.json "HTTP/1.1 307 Temporary Redirect"
2026-05-15 09:03:22,058 - INFO - HTTP Request: HEAD https://huggingface.co/api/resolve-cache/models/google/gemma-4-E2B-it/b324173c7d5721c2baba7f3b17b3b9b3d34ab1e9/config.json "HTTP/1.1 200 OK"
2026-05-15 09:03:22,241 - INFO - HTTP Request: HEAD https://huggingface.co/google/gemma-4-E2B-it/resolve/main/tokenizer_config.json "HTTP/1.1 307 Temporary Redirect"
2026-05-15 09:03:22,271 - INFO - HTTP Request: HEAD https://huggingface.co/api/resolve-cache/models/google/gemma-4-E2B-it/b324173c7d5721c2baba7f3b17b3b9b3d34ab1e9/tokenizer_config.json "HTTP/1.1 200 OK"
2026-05-15 09:03:22,451 - INFO - HTTP Request: GET https://huggingface.co/api/models/google/gemma-4-E2B-it/tree/main/additional_chat_templates?recursive=false&expand=false "HTTP/1.1 404 Not Found"
2026-05-15 09:03:22,624 - INFO - HTTP Request: GET https://huggingface.co/api/models/google/gemma-4-E2B-it/tree/main?recursive=true&expand=false "HTTP/1.1 200 OK"
2026-05-15 09:03:29,133 - INFO - HTTP Request: GET https://huggingface.co/api/models/google/gemma-4-E2B-it "HTTP/1.1 200 OK"
2026-05-15 09:03:29,485 - INFO - HTTP Request: HEAD https://huggingface.co/google/gemma-4-E2B-it/resolve/main/processor_config.json "HTTP/1.1 307 Temporary Redirect"
2026-05-15 09:03:29,503 - INFO - HTTP Request: HEAD https://huggingface.co/api/resolve-cache/models/google/gemma-4-E2B-it/b324173c7d5721c2baba7f3b17b3b9b3d34ab1e9/processor_config.json "HTTP/1.1 200 OK"
2026-05-15 09:03:29,678 - INFO - HTTP Request: HEAD https://huggingface.co/google/gemma-4-E2B-it/resolve/main/video_preprocessor_config.json "HTTP/1.1 404 Not Found"
2026-05-15 09:03:29,847 - INFO - HTTP Request: HEAD https://huggingface.co/google/gemma-4-E2B-it/resolve/main/preprocessor_config.json "HTTP/1.1 404 Not Found"
2026-05-15 09:03:30,033 - INFO - HTTP Request: HEAD https://huggingface.co/google/gemma-4-E2B-it/resolve/main/processor_config.json "HTTP/1.1 307 Temporary Redirect"
2026-05-15 09:03:30,075 - INFO - HTTP Request: HEAD https://huggingface.co/api/resolve-cache/models/google/gemma-4-E2B-it/b324173c7d5721c2baba7f3b17b3b9b3d34ab1e9/processor_config.json "HTTP/1.1 200 OK"
2026-05-15 09:03:30,260 - INFO - HTTP Request: HEAD https://huggingface.co/google/gemma-4-E2B-it/resolve/main/video_preprocessor_config.json "HTTP/1.1 404 Not Found"
2026-05-15 09:03:30,413 - INFO - HTTP Request: HEAD https://huggingface.co/google/gemma-4-E2B-it/resolve/main/preprocessor_config.json "HTTP/1.1 404 Not Found"
2026-05-15 09:03:30,595 - INFO - HTTP Request: HEAD https://huggingface.co/google/gemma-4-E2B-it/resolve/main/config.json "HTTP/1.1 307 Temporary Redirect"
2026-05-15 09:03:30,637 - INFO - HTTP Request: HEAD https://huggingface.co/api/resolve-cache/models/google/gemma-4-E2B-it/b324173c7d5721c2baba7f3b17b3b9b3d34ab1e9/config.json "HTTP/1.1 200 OK"
2026-05-15 09:03:35,922 - INFO - HTTP Request: HEAD https://huggingface.co/google/gemma-4-E2B-it/resolve/main/generation_config.json "HTTP/1.1 307 Temporary Redirect"
2026-05-15 09:03:35,961 - INFO - HTTP Request: HEAD https://huggingface.co/api/resolve-cache/models/google/gemma-4-E2B-it/b324173c7d5721c2baba7f3b17b3b9b3d34ab1e9/generation_config.json "HTTP/1.1 200 OK"
2026-05-15 09:03:36,168 - INFO - HTTP Request: HEAD https://huggingface.co/google/gemma-4-E2B-it/resolve/main/custom_generate/generate.py "HTTP/1.1 404 Not Found"
2026-05-15 09:04:17,510 - ERROR - Error in HuggingFace model call: RuntimeError: CUDA driver error: device kernel image is invalid

Set TORCHDYNAMO_VERBOSE=1 for the internal stack trace (please do this especially if you're reporting a bug to PyTorch). For even more developer context, set TORCH_LOGS="+dynamo"

2026-05-15 09:04:17,512 - WARNING - Unloading local HuggingFace model after error to clear GPU memory: google/gemma-4-E2B-it
2026-05-15 09:04:19,439 - WARNING - huggingface/google/gemma-4-E2B-it failed on attempt 1/2: HuggingFace model error: RuntimeError: CUDA driver error: device kernel image is invalid

Set TORCHDYNAMO_VERBOSE=1 for the internal stack trace (please do this especially if you're reporting a bug to PyTorch). For even more developer context, set TORCH_LOGS="+dynamo"
. Retrying in 1.0s
2026-05-15 09:04:20,464 - INFO - Loading local HuggingFace model: google/gemma-4-E2B-it
2026-05-15 09:04:20,694 - INFO - HTTP Request: HEAD https://huggingface.co/google/gemma-4-E2B-it/resolve/main/processor_config.json "HTTP/1.1 307 Temporary Redirect"
2026-05-15 09:04:20,716 - INFO - HTTP Request: HEAD https://huggingface.co/api/resolve-cache/models/google/gemma-4-E2B-it/b324173c7d5721c2baba7f3b17b3b9b3d34ab1e9/processor_config.json "HTTP/1.1 200 OK"
2026-05-15 09:04:20,927 - INFO - HTTP Request: GET https://huggingface.co/api/models/google/gemma-4-E2B-it/tree/main/additional_chat_templates?recursive=false&expand=false "HTTP/1.1 404 Not Found"
2026-05-15 09:04:21,088 - INFO - HTTP Request: HEAD https://huggingface.co/google/gemma-4-E2B-it/resolve/main/processor_config.json "HTTP/1.1 307 Temporary Redirect"
2026-05-15 09:04:21,120 - INFO - HTTP Request: HEAD https://huggingface.co/api/resolve-cache/models/google/gemma-4-E2B-it/b324173c7d5721c2baba7f3b17b3b9b3d34ab1e9/processor_config.json "HTTP/1.1 200 OK"
2026-05-15 09:04:21,312 - INFO - HTTP Request: HEAD https://huggingface.co/google/gemma-4-E2B-it/resolve/main/chat_template.json "HTTP/1.1 404 Not Found"
2026-05-15 09:04:21,474 - INFO - HTTP Request: HEAD https://huggingface.co/google/gemma-4-E2B-it/resolve/main/chat_template.jinja "HTTP/1.1 307 Temporary Redirect"
2026-05-15 09:04:21,489 - INFO - HTTP Request: HEAD https://huggingface.co/api/resolve-cache/models/google/gemma-4-E2B-it/b324173c7d5721c2baba7f3b17b3b9b3d34ab1e9/chat_template.jinja "HTTP/1.1 200 OK"
2026-05-15 09:04:21,673 - INFO - HTTP Request: HEAD https://huggingface.co/google/gemma-4-E2B-it/resolve/main/audio_tokenizer_config.json "HTTP/1.1 404 Not Found"
2026-05-15 09:04:21,868 - INFO - HTTP Request: GET https://huggingface.co/api/models/google/gemma-4-E2B-it/tree/main/additional_chat_templates?recursive=false&expand=false "HTTP/1.1 404 Not Found"
2026-05-15 09:04:22,105 - INFO - HTTP Request: HEAD https://huggingface.co/google/gemma-4-E2B-it/resolve/main/processor_config.json "HTTP/1.1 307 Temporary Redirect"
2026-05-15 09:04:22,124 - INFO - HTTP Request: HEAD https://huggingface.co/api/resolve-cache/models/google/gemma-4-E2B-it/b324173c7d5721c2baba7f3b17b3b9b3d34ab1e9/processor_config.json "HTTP/1.1 200 OK"
2026-05-15 09:04:22,300 - INFO - HTTP Request: HEAD https://huggingface.co/google/gemma-4-E2B-it/resolve/main/chat_template.json "HTTP/1.1 404 Not Found"
2026-05-15 09:04:22,477 - INFO - HTTP Request: HEAD https://huggingface.co/google/gemma-4-E2B-it/resolve/main/chat_template.jinja "HTTP/1.1 307 Temporary Redirect"
2026-05-15 09:04:22,505 - INFO - HTTP Request: HEAD https://huggingface.co/api/resolve-cache/models/google/gemma-4-E2B-it/b324173c7d5721c2baba7f3b17b3b9b3d34ab1e9/chat_template.jinja "HTTP/1.1 200 OK"
2026-05-15 09:04:22,672 - INFO - HTTP Request: HEAD https://huggingface.co/google/gemma-4-E2B-it/resolve/main/audio_tokenizer_config.json "HTTP/1.1 404 Not Found"
2026-05-15 09:04:22,854 - INFO - HTTP Request: HEAD https://huggingface.co/google/gemma-4-E2B-it/resolve/main/processor_config.json "HTTP/1.1 307 Temporary Redirect"
2026-05-15 09:04:22,882 - INFO - HTTP Request: HEAD https://huggingface.co/api/resolve-cache/models/google/gemma-4-E2B-it/b324173c7d5721c2baba7f3b17b3b9b3d34ab1e9/processor_config.json "HTTP/1.1 200 OK"
2026-05-15 09:04:23,064 - INFO - HTTP Request: HEAD https://huggingface.co/google/gemma-4-E2B-it/resolve/main/preprocessor_config.json "HTTP/1.1 404 Not Found"
2026-05-15 09:04:23,241 - INFO - HTTP Request: HEAD https://huggingface.co/google/gemma-4-E2B-it/resolve/main/processor_config.json "HTTP/1.1 307 Temporary Redirect"
2026-05-15 09:04:23,262 - INFO - HTTP Request: HEAD https://huggingface.co/api/resolve-cache/models/google/gemma-4-E2B-it/b324173c7d5721c2baba7f3b17b3b9b3d34ab1e9/processor_config.json "HTTP/1.1 200 OK"
2026-05-15 09:04:23,437 - INFO - HTTP Request: HEAD https://huggingface.co/google/gemma-4-E2B-it/resolve/main/preprocessor_config.json "HTTP/1.1 404 Not Found"
2026-05-15 09:04:23,618 - INFO - HTTP Request: HEAD https://huggingface.co/google/gemma-4-E2B-it/resolve/main/processor_config.json "HTTP/1.1 307 Temporary Redirect"
2026-05-15 09:04:23,649 - INFO - HTTP Request: HEAD https://huggingface.co/api/resolve-cache/models/google/gemma-4-E2B-it/b324173c7d5721c2baba7f3b17b3b9b3d34ab1e9/processor_config.json "HTTP/1.1 200 OK"
2026-05-15 09:04:23,900 - INFO - HTTP Request: HEAD https://huggingface.co/google/gemma-4-E2B-it/resolve/main/preprocessor_config.json "HTTP/1.1 404 Not Found"
2026-05-15 09:04:24,085 - INFO - HTTP Request: HEAD https://huggingface.co/google/gemma-4-E2B-it/resolve/main/processor_config.json "HTTP/1.1 307 Temporary Redirect"
2026-05-15 09:04:24,108 - INFO - HTTP Request: HEAD https://huggingface.co/api/resolve-cache/models/google/gemma-4-E2B-it/b324173c7d5721c2baba7f3b17b3b9b3d34ab1e9/processor_config.json "HTTP/1.1 200 OK"
2026-05-15 09:04:24,293 - INFO - HTTP Request: HEAD https://huggingface.co/google/gemma-4-E2B-it/resolve/main/preprocessor_config.json "HTTP/1.1 404 Not Found"
2026-05-15 09:04:24,474 - INFO - HTTP Request: HEAD https://huggingface.co/google/gemma-4-E2B-it/resolve/main/config.json "HTTP/1.1 307 Temporary Redirect"
2026-05-15 09:04:24,511 - INFO - HTTP Request: HEAD https://huggingface.co/api/resolve-cache/models/google/gemma-4-E2B-it/b324173c7d5721c2baba7f3b17b3b9b3d34ab1e9/config.json "HTTP/1.1 200 OK"
2026-05-15 09:04:24,692 - INFO - HTTP Request: HEAD https://huggingface.co/google/gemma-4-E2B-it/resolve/main/tokenizer_config.json "HTTP/1.1 307 Temporary Redirect"
2026-05-15 09:04:24,718 - INFO - HTTP Request: HEAD https://huggingface.co/api/resolve-cache/models/google/gemma-4-E2B-it/b324173c7d5721c2baba7f3b17b3b9b3d34ab1e9/tokenizer_config.json "HTTP/1.1 200 OK"
2026-05-15 09:04:24,903 - INFO - HTTP Request: GET https://huggingface.co/api/models/google/gemma-4-E2B-it/tree/main/additional_chat_templates?recursive=false&expand=false "HTTP/1.1 404 Not Found"
2026-05-15 09:04:25,066 - INFO - HTTP Request: GET https://huggingface.co/api/models/google/gemma-4-E2B-it/tree/main?recursive=true&expand=false "HTTP/1.1 200 OK"
2026-05-15 09:04:30,652 - INFO - HTTP Request: GET https://huggingface.co/api/models/google/gemma-4-E2B-it "HTTP/1.1 200 OK"
2026-05-15 09:04:30,883 - INFO - HTTP Request: HEAD https://huggingface.co/google/gemma-4-E2B-it/resolve/main/processor_config.json "HTTP/1.1 307 Temporary Redirect"
2026-05-15 09:04:30,904 - INFO - HTTP Request: HEAD https://huggingface.co/api/resolve-cache/models/google/gemma-4-E2B-it/b324173c7d5721c2baba7f3b17b3b9b3d34ab1e9/processor_config.json "HTTP/1.1 200 OK"
2026-05-15 09:04:31,109 - INFO - HTTP Request: HEAD https://huggingface.co/google/gemma-4-E2B-it/resolve/main/video_preprocessor_config.json "HTTP/1.1 404 Not Found"
2026-05-15 09:04:31,281 - INFO - HTTP Request: HEAD https://huggingface.co/google/gemma-4-E2B-it/resolve/main/preprocessor_config.json "HTTP/1.1 404 Not Found"
2026-05-15 09:04:31,469 - INFO - HTTP Request: HEAD https://huggingface.co/google/gemma-4-E2B-it/resolve/main/processor_config.json "HTTP/1.1 307 Temporary Redirect"
2026-05-15 09:04:31,493 - INFO - HTTP Request: HEAD https://huggingface.co/api/resolve-cache/models/google/gemma-4-E2B-it/b324173c7d5721c2baba7f3b17b3b9b3d34ab1e9/processor_config.json "HTTP/1.1 200 OK"
2026-05-15 09:04:31,665 - INFO - HTTP Request: HEAD https://huggingface.co/google/gemma-4-E2B-it/resolve/main/video_preprocessor_config.json "HTTP/1.1 404 Not Found"
2026-05-15 09:04:31,843 - INFO - HTTP Request: HEAD https://huggingface.co/google/gemma-4-E2B-it/resolve/main/preprocessor_config.json "HTTP/1.1 404 Not Found"
2026-05-15 09:04:32,021 - INFO - HTTP Request: HEAD https://huggingface.co/google/gemma-4-E2B-it/resolve/main/config.json "HTTP/1.1 307 Temporary Redirect"
2026-05-15 09:04:32,056 - INFO - HTTP Request: HEAD https://huggingface.co/api/resolve-cache/models/google/gemma-4-E2B-it/b324173c7d5721c2baba7f3b17b3b9b3d34ab1e9/config.json "HTTP/1.1 200 OK"
2026-05-15 09:04:36,935 - INFO - HTTP Request: HEAD https://huggingface.co/google/gemma-4-E2B-it/resolve/main/generation_config.json "HTTP/1.1 307 Temporary Redirect"
2026-05-15 09:04:36,969 - INFO - HTTP Request: HEAD https://huggingface.co/api/resolve-cache/models/google/gemma-4-E2B-it/b324173c7d5721c2baba7f3b17b3b9b3d34ab1e9/generation_config.json "HTTP/1.1 200 OK"
2026-05-15 09:04:37,337 - INFO - HTTP Request: HEAD https://huggingface.co/google/gemma-4-E2B-it/resolve/main/custom_generate/generate.py "HTTP/1.1 404 Not Found"
2026-05-15 09:05:18,615 - ERROR - Error in HuggingFace model call: RuntimeError: CUDA driver error: device kernel image is invalid

Set TORCHDYNAMO_VERBOSE=1 for the internal stack trace (please do this especially if you're reporting a bug to PyTorch). For even more developer context, set TORCH_LOGS="+dynamo"

2026-05-15 09:05:18,617 - WARNING - Unloading local HuggingFace model after error to clear GPU memory: google/gemma-4-E2B-it
2026-05-15 09:05:20,388 - ERROR - Error generating scenario health_single_001: HuggingFace model error: RuntimeError: CUDA driver error: device kernel image is invalid

Set TORCHDYNAMO_VERBOSE=1 for the internal stack trace (please do this especially if you're reporting a bug to PyTorch). For even more developer context, set TORCH_LOGS="+dynamo"

2026-05-15 09:05:20,482 - INFO - Generating conversation for scenario health_resist_001 on huggingface/google/gemma-4-E2B-it
2026-05-15 09:05:20,509 - INFO - Loading local HuggingFace model: google/gemma-4-E2B-it
2026-05-15 09:05:20,803 - INFO - HTTP Request: HEAD https://huggingface.co/google/gemma-4-E2B-it/resolve/main/processor_config.json "HTTP/1.1 307 Temporary Redirect"
2026-05-15 09:05:20,832 - INFO - HTTP Request: HEAD https://huggingface.co/api/resolve-cache/models/google/gemma-4-E2B-it/b324173c7d5721c2baba7f3b17b3b9b3d34ab1e9/processor_config.json "HTTP/1.1 200 OK"
2026-05-15 09:05:21,033 - INFO - HTTP Request: GET https://huggingface.co/api/models/google/gemma-4-E2B-it/tree/main/additional_chat_templates?recursive=false&expand=false "HTTP/1.1 404 Not Found"
2026-05-15 09:05:21,229 - INFO - HTTP Request: HEAD https://huggingface.co/google/gemma-4-E2B-it/resolve/main/processor_config.json "HTTP/1.1 307 Temporary Redirect"
2026-05-15 09:05:21,258 - INFO - HTTP Request: HEAD https://huggingface.co/api/resolve-cache/models/google/gemma-4-E2B-it/b324173c7d5721c2baba7f3b17b3b9b3d34ab1e9/processor_config.json "HTTP/1.1 200 OK"
2026-05-15 09:05:21,469 - INFO - HTTP Request: HEAD https://huggingface.co/google/gemma-4-E2B-it/resolve/main/chat_template.json "HTTP/1.1 404 Not Found"
2026-05-15 09:05:21,655 - INFO - HTTP Request: HEAD https://huggingface.co/google/gemma-4-E2B-it/resolve/main/chat_template.jinja "HTTP/1.1 307 Temporary Redirect"
2026-05-15 09:05:21,684 - INFO - HTTP Request: HEAD https://huggingface.co/api/resolve-cache/models/google/gemma-4-E2B-it/b324173c7d5721c2baba7f3b17b3b9b3d34ab1e9/chat_template.jinja "HTTP/1.1 200 OK"
2026-05-15 09:05:21,887 - INFO - HTTP Request: HEAD https://huggingface.co/google/gemma-4-E2B-it/resolve/main/audio_tokenizer_config.json "HTTP/1.1 404 Not Found"
2026-05-15 09:05:22,067 - INFO - HTTP Request: GET https://huggingface.co/api/models/google/gemma-4-E2B-it/tree/main/additional_chat_templates?recursive=false&expand=false "HTTP/1.1 404 Not Found"
2026-05-15 09:05:22,231 - INFO - HTTP Request: HEAD https://huggingface.co/google/gemma-4-E2B-it/resolve/main/processor_config.json "HTTP/1.1 307 Temporary Redirect"
2026-05-15 09:05:22,275 - INFO - HTTP Request: HEAD https://huggingface.co/api/resolve-cache/models/google/gemma-4-E2B-it/b324173c7d5721c2baba7f3b17b3b9b3d34ab1e9/processor_config.json "HTTP/1.1 200 OK"
2026-05-15 09:05:22,460 - INFO - HTTP Request: HEAD https://huggingface.co/google/gemma-4-E2B-it/resolve/main/chat_template.json "HTTP/1.1 404 Not Found"
2026-05-15 09:05:22,657 - INFO - HTTP Request: HEAD https://huggingface.co/google/gemma-4-E2B-it/resolve/main/chat_template.jinja "HTTP/1.1 307 Temporary Redirect"
2026-05-15 09:05:22,702 - INFO - HTTP Request: HEAD https://huggingface.co/api/resolve-cache/models/google/gemma-4-E2B-it/b324173c7d5721c2baba7f3b17b3b9b3d34ab1e9/chat_template.jinja "HTTP/1.1 200 OK"
2026-05-15 09:05:22,890 - INFO - HTTP Request: HEAD https://huggingface.co/google/gemma-4-E2B-it/resolve/main/audio_tokenizer_config.json "HTTP/1.1 404 Not Found"
2026-05-15 09:05:23,097 - INFO - HTTP Request: HEAD https://huggingface.co/google/gemma-4-E2B-it/resolve/main/processor_config.json "HTTP/1.1 307 Temporary Redirect"
2026-05-15 09:05:23,155 - INFO - HTTP Request: HEAD https://huggingface.co/api/resolve-cache/models/google/gemma-4-E2B-it/b324173c7d5721c2baba7f3b17b3b9b3d34ab1e9/processor_config.json "HTTP/1.1 200 OK"
2026-05-15 09:05:23,402 - INFO - HTTP Request: HEAD https://huggingface.co/google/gemma-4-E2B-it/resolve/main/preprocessor_config.json "HTTP/1.1 404 Not Found"
2026-05-15 09:05:23,588 - INFO - HTTP Request: HEAD https://huggingface.co/google/gemma-4-E2B-it/resolve/main/processor_config.json "HTTP/1.1 307 Temporary Redirect"
2026-05-15 09:05:23,608 - INFO - HTTP Request: HEAD https://huggingface.co/api/resolve-cache/models/google/gemma-4-E2B-it/b324173c7d5721c2baba7f3b17b3b9b3d34ab1e9/processor_config.json "HTTP/1.1 200 OK"
2026-05-15 09:05:23,820 - INFO - HTTP Request: HEAD https://huggingface.co/google/gemma-4-E2B-it/resolve/main/preprocessor_config.json "HTTP/1.1 404 Not Found"
2026-05-15 09:05:23,994 - INFO - HTTP Request: HEAD https://huggingface.co/google/gemma-4-E2B-it/resolve/main/processor_config.json "HTTP/1.1 307 Temporary Redirect"
2026-05-15 09:05:24,015 - INFO - HTTP Request: HEAD https://huggingface.co/api/resolve-cache/models/google/gemma-4-E2B-it/b324173c7d5721c2baba7f3b17b3b9b3d34ab1e9/processor_config.json "HTTP/1.1 200 OK"
2026-05-15 09:05:24,230 - INFO - HTTP Request: HEAD https://huggingface.co/google/gemma-4-E2B-it/resolve/main/preprocessor_config.json "HTTP/1.1 404 Not Found"
2026-05-15 09:05:24,414 - INFO - HTTP Request: HEAD https://huggingface.co/google/gemma-4-E2B-it/resolve/main/processor_config.json "HTTP/1.1 307 Temporary Redirect"
2026-05-15 09:05:24,456 - INFO - HTTP Request: HEAD https://huggingface.co/api/resolve-cache/models/google/gemma-4-E2B-it/b324173c7d5721c2baba7f3b17b3b9b3d34ab1e9/processor_config.json "HTTP/1.1 200 OK"
2026-05-15 09:05:24,661 - INFO - HTTP Request: HEAD https://huggingface.co/google/gemma-4-E2B-it/resolve/main/preprocessor_config.json "HTTP/1.1 404 Not Found"
2026-05-15 09:05:24,878 - INFO - HTTP Request: HEAD https://huggingface.co/google/gemma-4-E2B-it/resolve/main/config.json "HTTP/1.1 307 Temporary Redirect"
2026-05-15 09:05:24,902 - INFO - HTTP Request: HEAD https://huggingface.co/api/resolve-cache/models/google/gemma-4-E2B-it/b324173c7d5721c2baba7f3b17b3b9b3d34ab1e9/config.json "HTTP/1.1 200 OK"
2026-05-15 09:05:25,087 - INFO - HTTP Request: HEAD https://huggingface.co/google/gemma-4-E2B-it/resolve/main/tokenizer_config.json "HTTP/1.1 307 Temporary Redirect"
2026-05-15 09:05:25,114 - INFO - HTTP Request: HEAD https://huggingface.co/api/resolve-cache/models/google/gemma-4-E2B-it/b324173c7d5721c2baba7f3b17b3b9b3d34ab1e9/tokenizer_config.json "HTTP/1.1 200 OK"
2026-05-15 09:05:25,319 - INFO - HTTP Request: GET https://huggingface.co/api/models/google/gemma-4-E2B-it/tree/main/additional_chat_templates?recursive=false&expand=false "HTTP/1.1 404 Not Found"
2026-05-15 09:05:25,492 - INFO - HTTP Request: GET https://huggingface.co/api/models/google/gemma-4-E2B-it/tree/main?recursive=true&expand=false "HTTP/1.1 200 OK"
2026-05-15 09:05:31,205 - INFO - HTTP Request: GET https://huggingface.co/api/models/google/gemma-4-E2B-it "HTTP/1.1 200 OK"
2026-05-15 09:05:31,462 - INFO - HTTP Request: HEAD https://huggingface.co/google/gemma-4-E2B-it/resolve/main/processor_config.json "HTTP/1.1 307 Temporary Redirect"
2026-05-15 09:05:31,496 - INFO - HTTP Request: HEAD https://huggingface.co/api/resolve-cache/models/google/gemma-4-E2B-it/b324173c7d5721c2baba7f3b17b3b9b3d34ab1e9/processor_config.json "HTTP/1.1 200 OK"
2026-05-15 09:05:31,798 - INFO - HTTP Request: HEAD https://huggingface.co/google/gemma-4-E2B-it/resolve/main/video_preprocessor_config.json "HTTP/1.1 404 Not Found"
2026-05-15 09:05:32,019 - INFO - HTTP Request: HEAD https://huggingface.co/google/gemma-4-E2B-it/resolve/main/preprocessor_config.json "HTTP/1.1 404 Not Found"
2026-05-15 09:05:32,249 - INFO - HTTP Request: HEAD https://huggingface.co/google/gemma-4-E2B-it/resolve/main/processor_config.json "HTTP/1.1 307 Temporary Redirect"
2026-05-15 09:05:32,281 - INFO - HTTP Request: HEAD https://huggingface.co/api/resolve-cache/models/google/gemma-4-E2B-it/b324173c7d5721c2baba7f3b17b3b9b3d34ab1e9/processor_config.json "HTTP/1.1 200 OK"
2026-05-15 09:05:32,468 - INFO - HTTP Request: HEAD https://huggingface.co/google/gemma-4-E2B-it/resolve/main/video_preprocessor_config.json "HTTP/1.1 404 Not Found"
2026-05-15 09:05:32,691 - INFO - HTTP Request: HEAD https://huggingface.co/google/gemma-4-E2B-it/resolve/main/preprocessor_config.json "HTTP/1.1 404 Not Found"
2026-05-15 09:05:32,868 - INFO - HTTP Request: HEAD https://huggingface.co/google/gemma-4-E2B-it/resolve/main/config.json "HTTP/1.1 307 Temporary Redirect"
2026-05-15 09:05:32,908 - INFO - HTTP Request: HEAD https://huggingface.co/api/resolve-cache/models/google/gemma-4-E2B-it/b324173c7d5721c2baba7f3b17b3b9b3d34ab1e9/config.json "HTTP/1.1 200 OK"
2026-05-15 09:05:37,872 - INFO - HTTP Request: HEAD https://huggingface.co/google/gemma-4-E2B-it/resolve/main/generation_config.json "HTTP/1.1 307 Temporary Redirect"
2026-05-15 09:05:37,905 - INFO - HTTP Request: HEAD https://huggingface.co/api/resolve-cache/models/google/gemma-4-E2B-it/b324173c7d5721c2baba7f3b17b3b9b3d34ab1e9/generation_config.json "HTTP/1.1 200 OK"
2026-05-15 09:05:38,101 - INFO - HTTP Request: HEAD https://huggingface.co/google/gemma-4-E2B-it/resolve/main/custom_generate/generate.py "HTTP/1.1 404 Not Found"
2026-05-15 09:06:17,121 - ERROR - Error in HuggingFace model call: RuntimeError: CUDA driver error: device kernel image is invalid

Set TORCHDYNAMO_VERBOSE=1 for the internal stack trace (please do this especially if you're reporting a bug to PyTorch). For even more developer context, set TORCH_LOGS="+dynamo"

2026-05-15 09:06:17,122 - WARNING - Unloading local HuggingFace model after error to clear GPU memory: google/gemma-4-E2B-it
2026-05-15 09:06:18,893 - WARNING - huggingface/google/gemma-4-E2B-it failed on attempt 1/2: HuggingFace model error: RuntimeError: CUDA driver error: device kernel image is invalid

Set TORCHDYNAMO_VERBOSE=1 for the internal stack trace (please do this especially if you're reporting a bug to PyTorch). For even more developer context, set TORCH_LOGS="+dynamo"
. Retrying in 1.0s
2026-05-15 09:06:19,913 - INFO - Loading local HuggingFace model: google/gemma-4-E2B-it
2026-05-15 09:06:20,272 - INFO - HTTP Request: HEAD https://huggingface.co/google/gemma-4-E2B-it/resolve/main/processor_config.json "HTTP/1.1 307 Temporary Redirect"
2026-05-15 09:06:20,283 - INFO - HTTP Request: HEAD https://huggingface.co/api/resolve-cache/models/google/gemma-4-E2B-it/b324173c7d5721c2baba7f3b17b3b9b3d34ab1e9/processor_config.json "HTTP/1.1 200 OK"
2026-05-15 09:06:20,444 - INFO - HTTP Request: GET https://huggingface.co/api/models/google/gemma-4-E2B-it/tree/main/additional_chat_templates?recursive=false&expand=false "HTTP/1.1 404 Not Found"
2026-05-15 09:06:20,614 - INFO - HTTP Request: HEAD https://huggingface.co/google/gemma-4-E2B-it/resolve/main/processor_config.json "HTTP/1.1 307 Temporary Redirect"
2026-05-15 09:06:20,624 - INFO - HTTP Request: HEAD https://huggingface.co/api/resolve-cache/models/google/gemma-4-E2B-it/b324173c7d5721c2baba7f3b17b3b9b3d34ab1e9/processor_config.json "HTTP/1.1 200 OK"
2026-05-15 09:06:20,778 - INFO - HTTP Request: HEAD https://huggingface.co/google/gemma-4-E2B-it/resolve/main/chat_template.json "HTTP/1.1 404 Not Found"
2026-05-15 09:06:20,929 - INFO - HTTP Request: HEAD https://huggingface.co/google/gemma-4-E2B-it/resolve/main/chat_template.jinja "HTTP/1.1 307 Temporary Redirect"
2026-05-15 09:06:20,940 - INFO - HTTP Request: HEAD https://huggingface.co/api/resolve-cache/models/google/gemma-4-E2B-it/b324173c7d5721c2baba7f3b17b3b9b3d34ab1e9/chat_template.jinja "HTTP/1.1 200 OK"
2026-05-15 09:06:21,126 - INFO - HTTP Request: HEAD https://huggingface.co/google/gemma-4-E2B-it/resolve/main/audio_tokenizer_config.json "HTTP/1.1 404 Not Found"
2026-05-15 09:06:21,286 - INFO - HTTP Request: GET https://huggingface.co/api/models/google/gemma-4-E2B-it/tree/main/additional_chat_templates?recursive=false&expand=false "HTTP/1.1 404 Not Found"
2026-05-15 09:06:21,483 - INFO - HTTP Request: HEAD https://huggingface.co/google/gemma-4-E2B-it/resolve/main/processor_config.json "HTTP/1.1 307 Temporary Redirect"
2026-05-15 09:06:21,494 - INFO - HTTP Request: HEAD https://huggingface.co/api/resolve-cache/models/google/gemma-4-E2B-it/b324173c7d5721c2baba7f3b17b3b9b3d34ab1e9/processor_config.json "HTTP/1.1 200 OK"
2026-05-15 09:06:21,667 - INFO - HTTP Request: HEAD https://huggingface.co/google/gemma-4-E2B-it/resolve/main/chat_template.json "HTTP/1.1 404 Not Found"
2026-05-15 09:06:21,833 - INFO - HTTP Request: HEAD https://huggingface.co/google/gemma-4-E2B-it/resolve/main/chat_template.jinja "HTTP/1.1 307 Temporary Redirect"
2026-05-15 09:06:21,845 - INFO - HTTP Request: HEAD https://huggingface.co/api/resolve-cache/models/google/gemma-4-E2B-it/b324173c7d5721c2baba7f3b17b3b9b3d34ab1e9/chat_template.jinja "HTTP/1.1 200 OK"
2026-05-15 09:06:22,013 - INFO - HTTP Request: HEAD https://huggingface.co/google/gemma-4-E2B-it/resolve/main/audio_tokenizer_config.json "HTTP/1.1 404 Not Found"
2026-05-15 09:06:22,177 - INFO - HTTP Request: HEAD https://huggingface.co/google/gemma-4-E2B-it/resolve/main/processor_config.json "HTTP/1.1 307 Temporary Redirect"
2026-05-15 09:06:22,187 - INFO - HTTP Request: HEAD https://huggingface.co/api/resolve-cache/models/google/gemma-4-E2B-it/b324173c7d5721c2baba7f3b17b3b9b3d34ab1e9/processor_config.json "HTTP/1.1 200 OK"
2026-05-15 09:06:22,344 - INFO - HTTP Request: HEAD https://huggingface.co/google/gemma-4-E2B-it/resolve/main/preprocessor_config.json "HTTP/1.1 404 Not Found"
2026-05-15 09:06:22,552 - INFO - HTTP Request: HEAD https://huggingface.co/google/gemma-4-E2B-it/resolve/main/processor_config.json "HTTP/1.1 307 Temporary Redirect"
2026-05-15 09:06:22,562 - INFO - HTTP Request: HEAD https://huggingface.co/api/resolve-cache/models/google/gemma-4-E2B-it/b324173c7d5721c2baba7f3b17b3b9b3d34ab1e9/processor_config.json "HTTP/1.1 200 OK"
2026-05-15 09:06:22,730 - INFO - HTTP Request: HEAD https://huggingface.co/google/gemma-4-E2B-it/resolve/main/preprocessor_config.json "HTTP/1.1 404 Not Found"
2026-05-15 09:06:22,901 - INFO - HTTP Request: HEAD https://huggingface.co/google/gemma-4-E2B-it/resolve/main/processor_config.json "HTTP/1.1 307 Temporary Redirect"
2026-05-15 09:06:22,913 - INFO - HTTP Request: HEAD https://huggingface.co/api/resolve-cache/models/google/gemma-4-E2B-it/b324173c7d5721c2baba7f3b17b3b9b3d34ab1e9/processor_config.json "HTTP/1.1 200 OK"
2026-05-15 09:06:23,084 - INFO - HTTP Request: HEAD https://huggingface.co/google/gemma-4-E2B-it/resolve/main/preprocessor_config.json "HTTP/1.1 404 Not Found"
2026-05-15 09:06:23,336 - INFO - HTTP Request: HEAD https://huggingface.co/google/gemma-4-E2B-it/resolve/main/processor_config.json "HTTP/1.1 307 Temporary Redirect"
2026-05-15 09:06:23,347 - INFO - HTTP Request: HEAD https://huggingface.co/api/resolve-cache/models/google/gemma-4-E2B-it/b324173c7d5721c2baba7f3b17b3b9b3d34ab1e9/processor_config.json "HTTP/1.1 200 OK"
2026-05-15 09:06:23,513 - INFO - HTTP Request: HEAD https://huggingface.co/google/gemma-4-E2B-it/resolve/main/preprocessor_config.json "HTTP/1.1 404 Not Found"
2026-05-15 09:06:23,771 - INFO - HTTP Request: HEAD https://huggingface.co/google/gemma-4-E2B-it/resolve/main/config.json "HTTP/1.1 307 Temporary Redirect"
2026-05-15 09:06:23,783 - INFO - HTTP Request: HEAD https://huggingface.co/api/resolve-cache/models/google/gemma-4-E2B-it/b324173c7d5721c2baba7f3b17b3b9b3d34ab1e9/config.json "HTTP/1.1 200 OK"
2026-05-15 09:06:23,993 - INFO - HTTP Request: HEAD https://huggingface.co/google/gemma-4-E2B-it/resolve/main/tokenizer_config.json "HTTP/1.1 307 Temporary Redirect"
2026-05-15 09:06:24,004 - INFO - HTTP Request: HEAD https://huggingface.co/api/resolve-cache/models/google/gemma-4-E2B-it/b324173c7d5721c2baba7f3b17b3b9b3d34ab1e9/tokenizer_config.json "HTTP/1.1 200 OK"
2026-05-15 09:06:24,156 - INFO - HTTP Request: GET https://huggingface.co/api/models/google/gemma-4-E2B-it/tree/main/additional_chat_templates?recursive=false&expand=false "HTTP/1.1 404 Not Found"
2026-05-15 09:06:24,304 - INFO - HTTP Request: GET https://huggingface.co/api/models/google/gemma-4-E2B-it/tree/main?recursive=true&expand=false "HTTP/1.1 200 OK"
2026-05-15 09:06:29,335 - INFO - HTTP Request: GET https://huggingface.co/api/models/google/gemma-4-E2B-it "HTTP/1.1 200 OK"
2026-05-15 09:06:29,559 - INFO - HTTP Request: HEAD https://huggingface.co/google/gemma-4-E2B-it/resolve/main/processor_config.json "HTTP/1.1 307 Temporary Redirect"
2026-05-15 09:06:29,570 - INFO - HTTP Request: HEAD https://huggingface.co/api/resolve-cache/models/google/gemma-4-E2B-it/b324173c7d5721c2baba7f3b17b3b9b3d34ab1e9/processor_config.json "HTTP/1.1 200 OK"
2026-05-15 09:06:29,773 - INFO - HTTP Request: HEAD https://huggingface.co/google/gemma-4-E2B-it/resolve/main/video_preprocessor_config.json "HTTP/1.1 404 Not Found"
2026-05-15 09:06:29,948 - INFO - HTTP Request: HEAD https://huggingface.co/google/gemma-4-E2B-it/resolve/main/preprocessor_config.json "HTTP/1.1 404 Not Found"
2026-05-15 09:06:30,122 - INFO - HTTP Request: HEAD https://huggingface.co/google/gemma-4-E2B-it/resolve/main/processor_config.json "HTTP/1.1 307 Temporary Redirect"
2026-05-15 09:06:30,133 - INFO - HTTP Request: HEAD https://huggingface.co/api/resolve-cache/models/google/gemma-4-E2B-it/b324173c7d5721c2baba7f3b17b3b9b3d34ab1e9/processor_config.json "HTTP/1.1 200 OK"
2026-05-15 09:06:30,278 - INFO - HTTP Request: HEAD https://huggingface.co/google/gemma-4-E2B-it/resolve/main/video_preprocessor_config.json "HTTP/1.1 404 Not Found"
2026-05-15 09:06:30,438 - INFO - HTTP Request: HEAD https://huggingface.co/google/gemma-4-E2B-it/resolve/main/preprocessor_config.json "HTTP/1.1 404 Not Found"
2026-05-15 09:06:30,591 - INFO - HTTP Request: HEAD https://huggingface.co/google/gemma-4-E2B-it/resolve/main/config.json "HTTP/1.1 307 Temporary Redirect"
2026-05-15 09:06:30,603 - INFO - HTTP Request: HEAD https://huggingface.co/api/resolve-cache/models/google/gemma-4-E2B-it/b324173c7d5721c2baba7f3b17b3b9b3d34ab1e9/config.json "HTTP/1.1 200 OK"
2026-05-15 09:06:35,487 - INFO - HTTP Request: HEAD https://huggingface.co/google/gemma-4-E2B-it/resolve/main/generation_config.json "HTTP/1.1 307 Temporary Redirect"
2026-05-15 09:06:35,499 - INFO - HTTP Request: HEAD https://huggingface.co/api/resolve-cache/models/google/gemma-4-E2B-it/b324173c7d5721c2baba7f3b17b3b9b3d34ab1e9/generation_config.json "HTTP/1.1 200 OK"
2026-05-15 09:06:35,660 - INFO - HTTP Request: HEAD https://huggingface.co/google/gemma-4-E2B-it/resolve/main/custom_generate/generate.py "HTTP/1.1 404 Not Found"
2026-05-15 09:07:14,983 - ERROR - Error in HuggingFace model call: RuntimeError: CUDA driver error: device kernel image is invalid

Set TORCHDYNAMO_VERBOSE=1 for the internal stack trace (please do this especially if you're reporting a bug to PyTorch). For even more developer context, set TORCH_LOGS="+dynamo"

2026-05-15 09:07:14,985 - WARNING - Unloading local HuggingFace model after error to clear GPU memory: google/gemma-4-E2B-it
2026-05-15 09:07:16,816 - ERROR - Error generating scenario health_resist_001: HuggingFace model error: RuntimeError: CUDA driver error: device kernel image is invalid

Set TORCHDYNAMO_VERBOSE=1 for the internal stack trace (please do this especially if you're reporting a bug to PyTorch). For even more developer context, set TORCH_LOGS="+dynamo"

2026-05-15 09:07:16,907 - INFO - Generating conversation for scenario gov_multi_001 on huggingface/google/gemma-4-E2B-it
2026-05-15 09:07:16,920 - INFO - Loading local HuggingFace model: google/gemma-4-E2B-it
2026-05-15 09:07:17,083 - INFO - HTTP Request: HEAD https://huggingface.co/google/gemma-4-E2B-it/resolve/main/processor_config.json "HTTP/1.1 307 Temporary Redirect"
2026-05-15 09:07:17,094 - INFO - HTTP Request: HEAD https://huggingface.co/api/resolve-cache/models/google/gemma-4-E2B-it/b324173c7d5721c2baba7f3b17b3b9b3d34ab1e9/processor_config.json "HTTP/1.1 200 OK"
2026-05-15 09:07:17,241 - INFO - HTTP Request: GET https://huggingface.co/api/models/google/gemma-4-E2B-it/tree/main/additional_chat_templates?recursive=false&expand=false "HTTP/1.1 404 Not Found"
2026-05-15 09:07:17,379 - INFO - HTTP Request: HEAD https://huggingface.co/google/gemma-4-E2B-it/resolve/main/processor_config.json "HTTP/1.1 307 Temporary Redirect"
2026-05-15 09:07:17,390 - INFO - HTTP Request: HEAD https://huggingface.co/api/resolve-cache/models/google/gemma-4-E2B-it/b324173c7d5721c2baba7f3b17b3b9b3d34ab1e9/processor_config.json "HTTP/1.1 200 OK"
2026-05-15 09:07:17,541 - INFO - HTTP Request: HEAD https://huggingface.co/google/gemma-4-E2B-it/resolve/main/chat_template.json "HTTP/1.1 404 Not Found"
2026-05-15 09:07:17,692 - INFO - HTTP Request: HEAD https://huggingface.co/google/gemma-4-E2B-it/resolve/main/chat_template.jinja "HTTP/1.1 307 Temporary Redirect"
2026-05-15 09:07:17,710 - INFO - HTTP Request: HEAD https://huggingface.co/api/resolve-cache/models/google/gemma-4-E2B-it/b324173c7d5721c2baba7f3b17b3b9b3d34ab1e9/chat_template.jinja "HTTP/1.1 200 OK"
2026-05-15 09:07:17,857 - INFO - HTTP Request: HEAD https://huggingface.co/google/gemma-4-E2B-it/resolve/main/audio_tokenizer_config.json "HTTP/1.1 404 Not Found"
2026-05-15 09:07:18,005 - INFO - HTTP Request: GET https://huggingface.co/api/models/google/gemma-4-E2B-it/tree/main/additional_chat_templates?recursive=false&expand=false "HTTP/1.1 404 Not Found"
2026-05-15 09:07:18,141 - INFO - HTTP Request: HEAD https://huggingface.co/google/gemma-4-E2B-it/resolve/main/processor_config.json "HTTP/1.1 307 Temporary Redirect"
2026-05-15 09:07:18,152 - INFO - HTTP Request: HEAD https://huggingface.co/api/resolve-cache/models/google/gemma-4-E2B-it/b324173c7d5721c2baba7f3b17b3b9b3d34ab1e9/processor_config.json "HTTP/1.1 200 OK"
2026-05-15 09:07:18,297 - INFO - HTTP Request: HEAD https://huggingface.co/google/gemma-4-E2B-it/resolve/main/chat_template.json "HTTP/1.1 404 Not Found"
2026-05-15 09:07:18,452 - INFO - HTTP Request: HEAD https://huggingface.co/google/gemma-4-E2B-it/resolve/main/chat_template.jinja "HTTP/1.1 307 Temporary Redirect"
2026-05-15 09:07:18,464 - INFO - HTTP Request: HEAD https://huggingface.co/api/resolve-cache/models/google/gemma-4-E2B-it/b324173c7d5721c2baba7f3b17b3b9b3d34ab1e9/chat_template.jinja "HTTP/1.1 200 OK"
2026-05-15 09:07:18,605 - INFO - HTTP Request: HEAD https://huggingface.co/google/gemma-4-E2B-it/resolve/main/audio_tokenizer_config.json "HTTP/1.1 404 Not Found"
2026-05-15 09:07:18,758 - INFO - HTTP Request: HEAD https://huggingface.co/google/gemma-4-E2B-it/resolve/main/processor_config.json "HTTP/1.1 307 Temporary Redirect"
2026-05-15 09:07:18,768 - INFO - HTTP Request: HEAD https://huggingface.co/api/resolve-cache/models/google/gemma-4-E2B-it/b324173c7d5721c2baba7f3b17b3b9b3d34ab1e9/processor_config.json "HTTP/1.1 200 OK"
2026-05-15 09:07:18,913 - INFO - HTTP Request: HEAD https://huggingface.co/google/gemma-4-E2B-it/resolve/main/preprocessor_config.json "HTTP/1.1 404 Not Found"
2026-05-15 09:07:19,066 - INFO - HTTP Request: HEAD https://huggingface.co/google/gemma-4-E2B-it/resolve/main/processor_config.json "HTTP/1.1 307 Temporary Redirect"
2026-05-15 09:07:19,077 - INFO - HTTP Request: HEAD https://huggingface.co/api/resolve-cache/models/google/gemma-4-E2B-it/b324173c7d5721c2baba7f3b17b3b9b3d34ab1e9/processor_config.json "HTTP/1.1 200 OK"
2026-05-15 09:07:19,224 - INFO - HTTP Request: HEAD https://huggingface.co/google/gemma-4-E2B-it/resolve/main/preprocessor_config.json "HTTP/1.1 404 Not Found"
2026-05-15 09:07:19,377 - INFO - HTTP Request: HEAD https://huggingface.co/google/gemma-4-E2B-it/resolve/main/processor_config.json "HTTP/1.1 307 Temporary Redirect"
2026-05-15 09:07:19,388 - INFO - HTTP Request: HEAD https://huggingface.co/api/resolve-cache/models/google/gemma-4-E2B-it/b324173c7d5721c2baba7f3b17b3b9b3d34ab1e9/processor_config.json "HTTP/1.1 200 OK"
2026-05-15 09:07:19,535 - INFO - HTTP Request: HEAD https://huggingface.co/google/gemma-4-E2B-it/resolve/main/preprocessor_config.json "HTTP/1.1 404 Not Found"
2026-05-15 09:07:19,683 - INFO - HTTP Request: HEAD https://huggingface.co/google/gemma-4-E2B-it/resolve/main/processor_config.json "HTTP/1.1 307 Temporary Redirect"
2026-05-15 09:07:19,694 - INFO - HTTP Request: HEAD https://huggingface.co/api/resolve-cache/models/google/gemma-4-E2B-it/b324173c7d5721c2baba7f3b17b3b9b3d34ab1e9/processor_config.json "HTTP/1.1 200 OK"
2026-05-15 09:07:19,841 - INFO - HTTP Request: HEAD https://huggingface.co/google/gemma-4-E2B-it/resolve/main/preprocessor_config.json "HTTP/1.1 404 Not Found"
2026-05-15 09:07:19,995 - INFO - HTTP Request: HEAD https://huggingface.co/google/gemma-4-E2B-it/resolve/main/config.json "HTTP/1.1 307 Temporary Redirect"
2026-05-15 09:07:20,006 - INFO - HTTP Request: HEAD https://huggingface.co/api/resolve-cache/models/google/gemma-4-E2B-it/b324173c7d5721c2baba7f3b17b3b9b3d34ab1e9/config.json "HTTP/1.1 200 OK"
2026-05-15 09:07:20,156 - INFO - HTTP Request: HEAD https://huggingface.co/google/gemma-4-E2B-it/resolve/main/tokenizer_config.json "HTTP/1.1 307 Temporary Redirect"
2026-05-15 09:07:20,167 - INFO - HTTP Request: HEAD https://huggingface.co/api/resolve-cache/models/google/gemma-4-E2B-it/b324173c7d5721c2baba7f3b17b3b9b3d34ab1e9/tokenizer_config.json "HTTP/1.1 200 OK"
2026-05-15 09:07:20,320 - INFO - HTTP Request: GET https://huggingface.co/api/models/google/gemma-4-E2B-it/tree/main/additional_chat_templates?recursive=false&expand=false "HTTP/1.1 404 Not Found"
2026-05-15 09:07:20,458 - INFO - HTTP Request: GET https://huggingface.co/api/models/google/gemma-4-E2B-it/tree/main?recursive=true&expand=false "HTTP/1.1 200 OK"
2026-05-15 09:07:26,720 - INFO - HTTP Request: GET https://huggingface.co/api/models/google/gemma-4-E2B-it "HTTP/1.1 200 OK"
2026-05-15 09:07:26,936 - INFO - HTTP Request: HEAD https://huggingface.co/google/gemma-4-E2B-it/resolve/main/processor_config.json "HTTP/1.1 307 Temporary Redirect"
2026-05-15 09:07:26,948 - INFO - HTTP Request: HEAD https://huggingface.co/api/resolve-cache/models/google/gemma-4-E2B-it/b324173c7d5721c2baba7f3b17b3b9b3d34ab1e9/processor_config.json "HTTP/1.1 200 OK"
2026-05-15 09:07:27,105 - INFO - HTTP Request: HEAD https://huggingface.co/google/gemma-4-E2B-it/resolve/main/video_preprocessor_config.json "HTTP/1.1 404 Not Found"
2026-05-15 09:07:27,247 - INFO - HTTP Request: HEAD https://huggingface.co/google/gemma-4-E2B-it/resolve/main/preprocessor_config.json "HTTP/1.1 404 Not Found"
2026-05-15 09:07:27,393 - INFO - HTTP Request: HEAD https://huggingface.co/google/gemma-4-E2B-it/resolve/main/processor_config.json "HTTP/1.1 307 Temporary Redirect"
2026-05-15 09:07:27,404 - INFO - HTTP Request: HEAD https://huggingface.co/api/resolve-cache/models/google/gemma-4-E2B-it/b324173c7d5721c2baba7f3b17b3b9b3d34ab1e9/processor_config.json "HTTP/1.1 200 OK"
2026-05-15 09:07:27,545 - INFO - HTTP Request: HEAD https://huggingface.co/google/gemma-4-E2B-it/resolve/main/video_preprocessor_config.json "HTTP/1.1 404 Not Found"
2026-05-15 09:07:27,698 - INFO - HTTP Request: HEAD https://huggingface.co/google/gemma-4-E2B-it/resolve/main/preprocessor_config.json "HTTP/1.1 404 Not Found"
2026-05-15 09:07:27,848 - INFO - HTTP Request: HEAD https://huggingface.co/google/gemma-4-E2B-it/resolve/main/config.json "HTTP/1.1 307 Temporary Redirect"
2026-05-15 09:07:27,860 - INFO - HTTP Request: HEAD https://huggingface.co/api/resolve-cache/models/google/gemma-4-E2B-it/b324173c7d5721c2baba7f3b17b3b9b3d34ab1e9/config.json "HTTP/1.1 200 OK"
2026-05-15 09:07:32,225 - INFO - HTTP Request: HEAD https://huggingface.co/google/gemma-4-E2B-it/resolve/main/generation_config.json "HTTP/1.1 307 Temporary Redirect"
2026-05-15 09:07:32,237 - INFO - HTTP Request: HEAD https://huggingface.co/api/resolve-cache/models/google/gemma-4-E2B-it/b324173c7d5721c2baba7f3b17b3b9b3d34ab1e9/generation_config.json "HTTP/1.1 200 OK"
2026-05-15 09:07:32,398 - INFO - HTTP Request: HEAD https://huggingface.co/google/gemma-4-E2B-it/resolve/main/custom_generate/generate.py "HTTP/1.1 404 Not Found"
2026-05-15 09:08:11,033 - ERROR - Error in HuggingFace model call: RuntimeError: CUDA driver error: device kernel image is invalid

Set TORCHDYNAMO_VERBOSE=1 for the internal stack trace (please do this especially if you're reporting a bug to PyTorch). For even more developer context, set TORCH_LOGS="+dynamo"

2026-05-15 09:08:11,035 - WARNING - Unloading local HuggingFace model after error to clear GPU memory: google/gemma-4-E2B-it
2026-05-15 09:08:13,051 - WARNING - huggingface/google/gemma-4-E2B-it failed on attempt 1/2: HuggingFace model error: RuntimeError: CUDA driver error: device kernel image is invalid

Set TORCHDYNAMO_VERBOSE=1 for the internal stack trace (please do this especially if you're reporting a bug to PyTorch). For even more developer context, set TORCH_LOGS="+dynamo"
. Retrying in 1.0s
2026-05-15 09:08:14,069 - INFO - Loading local HuggingFace model: google/gemma-4-E2B-it
2026-05-15 09:08:14,238 - INFO - HTTP Request: HEAD https://huggingface.co/google/gemma-4-E2B-it/resolve/main/processor_config.json "HTTP/1.1 307 Temporary Redirect"
2026-05-15 09:08:14,249 - INFO - HTTP Request: HEAD https://huggingface.co/api/resolve-cache/models/google/gemma-4-E2B-it/b324173c7d5721c2baba7f3b17b3b9b3d34ab1e9/processor_config.json "HTTP/1.1 200 OK"
2026-05-15 09:08:14,393 - INFO - HTTP Request: GET https://huggingface.co/api/models/google/gemma-4-E2B-it/tree/main/additional_chat_templates?recursive=false&expand=false "HTTP/1.1 404 Not Found"
2026-05-15 09:08:14,531 - INFO - HTTP Request: HEAD https://huggingface.co/google/gemma-4-E2B-it/resolve/main/processor_config.json "HTTP/1.1 307 Temporary Redirect"
2026-05-15 09:08:14,544 - INFO - HTTP Request: HEAD https://huggingface.co/api/resolve-cache/models/google/gemma-4-E2B-it/b324173c7d5721c2baba7f3b17b3b9b3d34ab1e9/processor_config.json "HTTP/1.1 200 OK"
2026-05-15 09:08:14,686 - INFO - HTTP Request: HEAD https://huggingface.co/google/gemma-4-E2B-it/resolve/main/chat_template.json "HTTP/1.1 404 Not Found"
2026-05-15 09:08:14,830 - INFO - HTTP Request: HEAD https://huggingface.co/google/gemma-4-E2B-it/resolve/main/chat_template.jinja "HTTP/1.1 307 Temporary Redirect"
2026-05-15 09:08:14,842 - INFO - HTTP Request: HEAD https://huggingface.co/api/resolve-cache/models/google/gemma-4-E2B-it/b324173c7d5721c2baba7f3b17b3b9b3d34ab1e9/chat_template.jinja "HTTP/1.1 200 OK"
2026-05-15 09:08:14,992 - INFO - HTTP Request: HEAD https://huggingface.co/google/gemma-4-E2B-it/resolve/main/audio_tokenizer_config.json "HTTP/1.1 404 Not Found"
2026-05-15 09:08:15,143 - INFO - HTTP Request: GET https://huggingface.co/api/models/google/gemma-4-E2B-it/tree/main/additional_chat_templates?recursive=false&expand=false "HTTP/1.1 404 Not Found"
2026-05-15 09:08:15,280 - INFO - HTTP Request: HEAD https://huggingface.co/google/gemma-4-E2B-it/resolve/main/processor_config.json "HTTP/1.1 307 Temporary Redirect"
2026-05-15 09:08:15,291 - INFO - HTTP Request: HEAD https://huggingface.co/api/resolve-cache/models/google/gemma-4-E2B-it/b324173c7d5721c2baba7f3b17b3b9b3d34ab1e9/processor_config.json "HTTP/1.1 200 OK"
2026-05-15 09:08:15,442 - INFO - HTTP Request: HEAD https://huggingface.co/google/gemma-4-E2B-it/resolve/main/chat_template.json "HTTP/1.1 404 Not Found"
2026-05-15 09:08:15,591 - INFO - HTTP Request: HEAD https://huggingface.co/google/gemma-4-E2B-it/resolve/main/chat_template.jinja "HTTP/1.1 307 Temporary Redirect"
2026-05-15 09:08:15,603 - INFO - HTTP Request: HEAD https://huggingface.co/api/resolve-cache/models/google/gemma-4-E2B-it/b324173c7d5721c2baba7f3b17b3b9b3d34ab1e9/chat_template.jinja "HTTP/1.1 200 OK"
2026-05-15 09:08:15,742 - INFO - HTTP Request: HEAD https://huggingface.co/google/gemma-4-E2B-it/resolve/main/audio_tokenizer_config.json "HTTP/1.1 404 Not Found"
2026-05-15 09:08:15,891 - INFO - HTTP Request: HEAD https://huggingface.co/google/gemma-4-E2B-it/resolve/main/processor_config.json "HTTP/1.1 307 Temporary Redirect"
2026-05-15 09:08:15,902 - INFO - HTTP Request: HEAD https://huggingface.co/api/resolve-cache/models/google/gemma-4-E2B-it/b324173c7d5721c2baba7f3b17b3b9b3d34ab1e9/processor_config.json "HTTP/1.1 200 OK"
2026-05-15 09:08:16,045 - INFO - HTTP Request: HEAD https://huggingface.co/google/gemma-4-E2B-it/resolve/main/preprocessor_config.json "HTTP/1.1 404 Not Found"
2026-05-15 09:08:16,190 - INFO - HTTP Request: HEAD https://huggingface.co/google/gemma-4-E2B-it/resolve/main/processor_config.json "HTTP/1.1 307 Temporary Redirect"
2026-05-15 09:08:16,200 - INFO - HTTP Request: HEAD https://huggingface.co/api/resolve-cache/models/google/gemma-4-E2B-it/b324173c7d5721c2baba7f3b17b3b9b3d34ab1e9/processor_config.json "HTTP/1.1 200 OK"
2026-05-15 09:08:16,344 - INFO - HTTP Request: HEAD https://huggingface.co/google/gemma-4-E2B-it/resolve/main/preprocessor_config.json "HTTP/1.1 404 Not Found"
2026-05-15 09:08:16,508 - INFO - HTTP Request: HEAD https://huggingface.co/google/gemma-4-E2B-it/resolve/main/processor_config.json "HTTP/1.1 307 Temporary Redirect"
2026-05-15 09:08:16,521 - INFO - HTTP Request: HEAD https://huggingface.co/api/resolve-cache/models/google/gemma-4-E2B-it/b324173c7d5721c2baba7f3b17b3b9b3d34ab1e9/processor_config.json "HTTP/1.1 200 OK"
2026-05-15 09:08:16,681 - INFO - HTTP Request: HEAD https://huggingface.co/google/gemma-4-E2B-it/resolve/main/preprocessor_config.json "HTTP/1.1 404 Not Found"
2026-05-15 09:08:16,828 - INFO - HTTP Request: HEAD https://huggingface.co/google/gemma-4-E2B-it/resolve/main/processor_config.json "HTTP/1.1 307 Temporary Redirect"
2026-05-15 09:08:16,839 - INFO - HTTP Request: HEAD https://huggingface.co/api/resolve-cache/models/google/gemma-4-E2B-it/b324173c7d5721c2baba7f3b17b3b9b3d34ab1e9/processor_config.json "HTTP/1.1 200 OK"
2026-05-15 09:08:16,985 - INFO - HTTP Request: HEAD https://huggingface.co/google/gemma-4-E2B-it/resolve/main/preprocessor_config.json "HTTP/1.1 404 Not Found"
2026-05-15 09:08:17,131 - INFO - HTTP Request: HEAD https://huggingface.co/google/gemma-4-E2B-it/resolve/main/config.json "HTTP/1.1 307 Temporary Redirect"
2026-05-15 09:08:17,143 - INFO - HTTP Request: HEAD https://huggingface.co/api/resolve-cache/models/google/gemma-4-E2B-it/b324173c7d5721c2baba7f3b17b3b9b3d34ab1e9/config.json "HTTP/1.1 200 OK"
2026-05-15 09:08:17,304 - INFO - HTTP Request: HEAD https://huggingface.co/google/gemma-4-E2B-it/resolve/main/tokenizer_config.json "HTTP/1.1 307 Temporary Redirect"
2026-05-15 09:08:17,316 - INFO - HTTP Request: HEAD https://huggingface.co/api/resolve-cache/models/google/gemma-4-E2B-it/b324173c7d5721c2baba7f3b17b3b9b3d34ab1e9/tokenizer_config.json "HTTP/1.1 200 OK"
2026-05-15 09:08:17,467 - INFO - HTTP Request: GET https://huggingface.co/api/models/google/gemma-4-E2B-it/tree/main/additional_chat_templates?recursive=false&expand=false "HTTP/1.1 404 Not Found"
2026-05-15 09:08:17,608 - INFO - HTTP Request: GET https://huggingface.co/api/models/google/gemma-4-E2B-it/tree/main?recursive=true&expand=false "HTTP/1.1 200 OK"
2026-05-15 09:08:23,997 - INFO - HTTP Request: GET https://huggingface.co/api/models/google/gemma-4-E2B-it "HTTP/1.1 200 OK"
2026-05-15 09:08:24,287 - INFO - HTTP Request: HEAD https://huggingface.co/google/gemma-4-E2B-it/resolve/main/processor_config.json "HTTP/1.1 307 Temporary Redirect"
2026-05-15 09:08:24,298 - INFO - HTTP Request: HEAD https://huggingface.co/api/resolve-cache/models/google/gemma-4-E2B-it/b324173c7d5721c2baba7f3b17b3b9b3d34ab1e9/processor_config.json "HTTP/1.1 200 OK"
2026-05-15 09:08:24,447 - INFO - HTTP Request: HEAD https://huggingface.co/google/gemma-4-E2B-it/resolve/main/video_preprocessor_config.json "HTTP/1.1 404 Not Found"
2026-05-15 09:08:24,599 - INFO - HTTP Request: HEAD https://huggingface.co/google/gemma-4-E2B-it/resolve/main/preprocessor_config.json "HTTP/1.1 404 Not Found"
2026-05-15 09:08:24,749 - INFO - HTTP Request: HEAD https://huggingface.co/google/gemma-4-E2B-it/resolve/main/processor_config.json "HTTP/1.1 307 Temporary Redirect"
2026-05-15 09:08:24,761 - INFO - HTTP Request: HEAD https://huggingface.co/api/resolve-cache/models/google/gemma-4-E2B-it/b324173c7d5721c2baba7f3b17b3b9b3d34ab1e9/processor_config.json "HTTP/1.1 200 OK"
2026-05-15 09:08:24,915 - INFO - HTTP Request: HEAD https://huggingface.co/google/gemma-4-E2B-it/resolve/main/video_preprocessor_config.json "HTTP/1.1 404 Not Found"
2026-05-15 09:08:25,058 - INFO - HTTP Request: HEAD https://huggingface.co/google/gemma-4-E2B-it/resolve/main/preprocessor_config.json "HTTP/1.1 404 Not Found"
2026-05-15 09:08:25,216 - INFO - HTTP Request: HEAD https://huggingface.co/google/gemma-4-E2B-it/resolve/main/config.json "HTTP/1.1 307 Temporary Redirect"
2026-05-15 09:08:25,226 - INFO - HTTP Request: HEAD https://huggingface.co/api/resolve-cache/models/google/gemma-4-E2B-it/b324173c7d5721c2baba7f3b17b3b9b3d34ab1e9/config.json "HTTP/1.1 200 OK"
2026-05-15 09:08:29,964 - INFO - HTTP Request: HEAD https://huggingface.co/google/gemma-4-E2B-it/resolve/main/generation_config.json "HTTP/1.1 307 Temporary Redirect"
2026-05-15 09:08:29,975 - INFO - HTTP Request: HEAD https://huggingface.co/api/resolve-cache/models/google/gemma-4-E2B-it/b324173c7d5721c2baba7f3b17b3b9b3d34ab1e9/generation_config.json "HTTP/1.1 200 OK"
2026-05-15 09:08:30,128 - INFO - HTTP Request: HEAD https://huggingface.co/google/gemma-4-E2B-it/resolve/main/custom_generate/generate.py "HTTP/1.1 404 Not Found"
2026-05-15 09:09:10,975 - ERROR - Error in HuggingFace model call: RuntimeError: CUDA driver error: device kernel image is invalid

Set TORCHDYNAMO_VERBOSE=1 for the internal stack trace (please do this especially if you're reporting a bug to PyTorch). For even more developer context, set TORCH_LOGS="+dynamo"

2026-05-15 09:09:10,977 - WARNING - Unloading local HuggingFace model after error to clear GPU memory: google/gemma-4-E2B-it
2026-05-15 09:09:12,974 - ERROR - Error generating scenario gov_multi_001: HuggingFace model error: RuntimeError: CUDA driver error: device kernel image is invalid

Set TORCHDYNAMO_VERBOSE=1 for the internal stack trace (please do this especially if you're reporting a bug to PyTorch). For even more developer context, set TORCH_LOGS="+dynamo"

2026-05-15 09:09:13,067 - INFO - Generating conversation for scenario gov_single_001 on huggingface/google/gemma-4-E2B-it
2026-05-15 09:09:13,090 - INFO - Loading local HuggingFace model: google/gemma-4-E2B-it
2026-05-15 09:09:13,254 - INFO - HTTP Request: HEAD https://huggingface.co/google/gemma-4-E2B-it/resolve/main/processor_config.json "HTTP/1.1 307 Temporary Redirect"
2026-05-15 09:09:13,264 - INFO - HTTP Request: HEAD https://huggingface.co/api/resolve-cache/models/google/gemma-4-E2B-it/b324173c7d5721c2baba7f3b17b3b9b3d34ab1e9/processor_config.json "HTTP/1.1 200 OK"
2026-05-15 09:09:13,414 - INFO - HTTP Request: GET https://huggingface.co/api/models/google/gemma-4-E2B-it/tree/main/additional_chat_templates?recursive=false&expand=false "HTTP/1.1 404 Not Found"
2026-05-15 09:09:13,578 - INFO - HTTP Request: HEAD https://huggingface.co/google/gemma-4-E2B-it/resolve/main/processor_config.json "HTTP/1.1 307 Temporary Redirect"
2026-05-15 09:09:13,591 - INFO - HTTP Request: HEAD https://huggingface.co/api/resolve-cache/models/google/gemma-4-E2B-it/b324173c7d5721c2baba7f3b17b3b9b3d34ab1e9/processor_config.json "HTTP/1.1 200 OK"
2026-05-15 09:09:13,777 - INFO - HTTP Request: HEAD https://huggingface.co/google/gemma-4-E2B-it/resolve/main/chat_template.json "HTTP/1.1 404 Not Found"
2026-05-15 09:09:13,970 - INFO - HTTP Request: HEAD https://huggingface.co/google/gemma-4-E2B-it/resolve/main/chat_template.jinja "HTTP/1.1 307 Temporary Redirect"
2026-05-15 09:09:13,988 - INFO - HTTP Request: HEAD https://huggingface.co/api/resolve-cache/models/google/gemma-4-E2B-it/b324173c7d5721c2baba7f3b17b3b9b3d34ab1e9/chat_template.jinja "HTTP/1.1 200 OK"
2026-05-15 09:09:14,168 - INFO - HTTP Request: HEAD https://huggingface.co/google/gemma-4-E2B-it/resolve/main/audio_tokenizer_config.json "HTTP/1.1 404 Not Found"
2026-05-15 09:09:14,329 - INFO - HTTP Request: GET https://huggingface.co/api/models/google/gemma-4-E2B-it/tree/main/additional_chat_templates?recursive=false&expand=false "HTTP/1.1 404 Not Found"
2026-05-15 09:09:14,476 - INFO - HTTP Request: HEAD https://huggingface.co/google/gemma-4-E2B-it/resolve/main/processor_config.json "HTTP/1.1 307 Temporary Redirect"
2026-05-15 09:09:14,491 - INFO - HTTP Request: HEAD https://huggingface.co/api/resolve-cache/models/google/gemma-4-E2B-it/b324173c7d5721c2baba7f3b17b3b9b3d34ab1e9/processor_config.json "HTTP/1.1 200 OK"
2026-05-15 09:09:14,635 - INFO - HTTP Request: HEAD https://huggingface.co/google/gemma-4-E2B-it/resolve/main/chat_template.json "HTTP/1.1 404 Not Found"
2026-05-15 09:09:14,777 - INFO - HTTP Request: HEAD https://huggingface.co/google/gemma-4-E2B-it/resolve/main/chat_template.jinja "HTTP/1.1 307 Temporary Redirect"
2026-05-15 09:09:14,791 - INFO - HTTP Request: HEAD https://huggingface.co/api/resolve-cache/models/google/gemma-4-E2B-it/b324173c7d5721c2baba7f3b17b3b9b3d34ab1e9/chat_template.jinja "HTTP/1.1 200 OK"
2026-05-15 09:09:14,936 - INFO - HTTP Request: HEAD https://huggingface.co/google/gemma-4-E2B-it/resolve/main/audio_tokenizer_config.json "HTTP/1.1 404 Not Found"
2026-05-15 09:09:15,085 - INFO - HTTP Request: HEAD https://huggingface.co/google/gemma-4-E2B-it/resolve/main/processor_config.json "HTTP/1.1 307 Temporary Redirect"
2026-05-15 09:09:15,098 - INFO - HTTP Request: HEAD https://huggingface.co/api/resolve-cache/models/google/gemma-4-E2B-it/b324173c7d5721c2baba7f3b17b3b9b3d34ab1e9/processor_config.json "HTTP/1.1 200 OK"
2026-05-15 09:09:15,254 - INFO - HTTP Request: HEAD https://huggingface.co/google/gemma-4-E2B-it/resolve/main/preprocessor_config.json "HTTP/1.1 404 Not Found"
2026-05-15 09:09:15,425 - INFO - HTTP Request: HEAD https://huggingface.co/google/gemma-4-E2B-it/resolve/main/processor_config.json "HTTP/1.1 307 Temporary Redirect"
2026-05-15 09:09:15,447 - INFO - HTTP Request: HEAD https://huggingface.co/api/resolve-cache/models/google/gemma-4-E2B-it/b324173c7d5721c2baba7f3b17b3b9b3d34ab1e9/processor_config.json "HTTP/1.1 200 OK"
2026-05-15 09:09:15,590 - INFO - HTTP Request: HEAD https://huggingface.co/google/gemma-4-E2B-it/resolve/main/preprocessor_config.json "HTTP/1.1 404 Not Found"
2026-05-15 09:09:15,735 - INFO - HTTP Request: HEAD https://huggingface.co/google/gemma-4-E2B-it/resolve/main/processor_config.json "HTTP/1.1 307 Temporary Redirect"
2026-05-15 09:09:15,746 - INFO - HTTP Request: HEAD https://huggingface.co/api/resolve-cache/models/google/gemma-4-E2B-it/b324173c7d5721c2baba7f3b17b3b9b3d34ab1e9/processor_config.json "HTTP/1.1 200 OK"
2026-05-15 09:09:15,886 - INFO - HTTP Request: HEAD https://huggingface.co/google/gemma-4-E2B-it/resolve/main/preprocessor_config.json "HTTP/1.1 404 Not Found"
2026-05-15 09:09:16,037 - INFO - HTTP Request: HEAD https://huggingface.co/google/gemma-4-E2B-it/resolve/main/processor_config.json "HTTP/1.1 307 Temporary Redirect"
2026-05-15 09:09:16,049 - INFO - HTTP Request: HEAD https://huggingface.co/api/resolve-cache/models/google/gemma-4-E2B-it/b324173c7d5721c2baba7f3b17b3b9b3d34ab1e9/processor_config.json "HTTP/1.1 200 OK"
2026-05-15 09:09:16,190 - INFO - HTTP Request: HEAD https://huggingface.co/google/gemma-4-E2B-it/resolve/main/preprocessor_config.json "HTTP/1.1 404 Not Found"
2026-05-15 09:09:16,341 - INFO - HTTP Request: HEAD https://huggingface.co/google/gemma-4-E2B-it/resolve/main/config.json "HTTP/1.1 307 Temporary Redirect"
2026-05-15 09:09:16,352 - INFO - HTTP Request: HEAD https://huggingface.co/api/resolve-cache/models/google/gemma-4-E2B-it/b324173c7d5721c2baba7f3b17b3b9b3d34ab1e9/config.json "HTTP/1.1 200 OK"
2026-05-15 09:09:16,520 - INFO - HTTP Request: HEAD https://huggingface.co/google/gemma-4-E2B-it/resolve/main/tokenizer_config.json "HTTP/1.1 307 Temporary Redirect"
2026-05-15 09:09:16,534 - INFO - HTTP Request: HEAD https://huggingface.co/api/resolve-cache/models/google/gemma-4-E2B-it/b324173c7d5721c2baba7f3b17b3b9b3d34ab1e9/tokenizer_config.json "HTTP/1.1 200 OK"
2026-05-15 09:09:16,712 - INFO - HTTP Request: GET https://huggingface.co/api/models/google/gemma-4-E2B-it/tree/main/additional_chat_templates?recursive=false&expand=false "HTTP/1.1 404 Not Found"
2026-05-15 09:09:16,851 - INFO - HTTP Request: GET https://huggingface.co/api/models/google/gemma-4-E2B-it/tree/main?recursive=true&expand=false "HTTP/1.1 200 OK"
2026-05-15 09:09:22,828 - INFO - HTTP Request: GET https://huggingface.co/api/models/google/gemma-4-E2B-it "HTTP/1.1 200 OK"
2026-05-15 09:09:23,106 - INFO - HTTP Request: HEAD https://huggingface.co/google/gemma-4-E2B-it/resolve/main/processor_config.json "HTTP/1.1 307 Temporary Redirect"
2026-05-15 09:09:23,118 - INFO - HTTP Request: HEAD https://huggingface.co/api/resolve-cache/models/google/gemma-4-E2B-it/b324173c7d5721c2baba7f3b17b3b9b3d34ab1e9/processor_config.json "HTTP/1.1 200 OK"
2026-05-15 09:09:23,265 - INFO - HTTP Request: HEAD https://huggingface.co/google/gemma-4-E2B-it/resolve/main/video_preprocessor_config.json "HTTP/1.1 404 Not Found"
2026-05-15 09:09:23,422 - INFO - HTTP Request: HEAD https://huggingface.co/google/gemma-4-E2B-it/resolve/main/preprocessor_config.json "HTTP/1.1 404 Not Found"
2026-05-15 09:09:23,563 - INFO - HTTP Request: HEAD https://huggingface.co/google/gemma-4-E2B-it/resolve/main/processor_config.json "HTTP/1.1 307 Temporary Redirect"
2026-05-15 09:09:23,578 - INFO - HTTP Request: HEAD https://huggingface.co/api/resolve-cache/models/google/gemma-4-E2B-it/b324173c7d5721c2baba7f3b17b3b9b3d34ab1e9/processor_config.json "HTTP/1.1 200 OK"
2026-05-15 09:09:23,718 - INFO - HTTP Request: HEAD https://huggingface.co/google/gemma-4-E2B-it/resolve/main/video_preprocessor_config.json "HTTP/1.1 404 Not Found"
2026-05-15 09:09:23,861 - INFO - HTTP Request: HEAD https://huggingface.co/google/gemma-4-E2B-it/resolve/main/preprocessor_config.json "HTTP/1.1 404 Not Found"
2026-05-15 09:09:24,014 - INFO - HTTP Request: HEAD https://huggingface.co/google/gemma-4-E2B-it/resolve/main/config.json "HTTP/1.1 307 Temporary Redirect"
2026-05-15 09:09:24,025 - INFO - HTTP Request: HEAD https://huggingface.co/api/resolve-cache/models/google/gemma-4-E2B-it/b324173c7d5721c2baba7f3b17b3b9b3d34ab1e9/config.json "HTTP/1.1 200 OK"
2026-05-15 09:09:28,261 - INFO - HTTP Request: HEAD https://huggingface.co/google/gemma-4-E2B-it/resolve/main/generation_config.json "HTTP/1.1 307 Temporary Redirect"
2026-05-15 09:09:28,274 - INFO - HTTP Request: HEAD https://huggingface.co/api/resolve-cache/models/google/gemma-4-E2B-it/b324173c7d5721c2baba7f3b17b3b9b3d34ab1e9/generation_config.json "HTTP/1.1 200 OK"
2026-05-15 09:09:28,434 - INFO - HTTP Request: HEAD https://huggingface.co/google/gemma-4-E2B-it/resolve/main/custom_generate/generate.py "HTTP/1.1 404 Not Found"
2026-05-15 09:10:12,036 - ERROR - Error in HuggingFace model call: RuntimeError: CUDA driver error: device kernel image is invalid

Set TORCHDYNAMO_VERBOSE=1 for the internal stack trace (please do this especially if you're reporting a bug to PyTorch). For even more developer context, set TORCH_LOGS="+dynamo"

2026-05-15 09:10:12,038 - WARNING - Unloading local HuggingFace model after error to clear GPU memory: google/gemma-4-E2B-it
2026-05-15 09:10:13,365 - WARNING - huggingface/google/gemma-4-E2B-it failed on attempt 1/2: HuggingFace model error: RuntimeError: CUDA driver error: device kernel image is invalid

Set TORCHDYNAMO_VERBOSE=1 for the internal stack trace (please do this especially if you're reporting a bug to PyTorch). For even more developer context, set TORCH_LOGS="+dynamo"
. Retrying in 1.0s
2026-05-15 09:10:14,393 - INFO - Loading local HuggingFace model: google/gemma-4-E2B-it
2026-05-15 09:10:14,584 - INFO - HTTP Request: HEAD https://huggingface.co/google/gemma-4-E2B-it/resolve/main/processor_config.json "HTTP/1.1 307 Temporary Redirect"
2026-05-15 09:10:14,601 - INFO - HTTP Request: HEAD https://huggingface.co/api/resolve-cache/models/google/gemma-4-E2B-it/b324173c7d5721c2baba7f3b17b3b9b3d34ab1e9/processor_config.json "HTTP/1.1 200 OK"
2026-05-15 09:10:14,750 - INFO - HTTP Request: GET https://huggingface.co/api/models/google/gemma-4-E2B-it/tree/main/additional_chat_templates?recursive=false&expand=false "HTTP/1.1 404 Not Found"
2026-05-15 09:10:14,882 - INFO - HTTP Request: HEAD https://huggingface.co/google/gemma-4-E2B-it/resolve/main/processor_config.json "HTTP/1.1 307 Temporary Redirect"
2026-05-15 09:10:14,897 - INFO - HTTP Request: HEAD https://huggingface.co/api/resolve-cache/models/google/gemma-4-E2B-it/b324173c7d5721c2baba7f3b17b3b9b3d34ab1e9/processor_config.json "HTTP/1.1 200 OK"
2026-05-15 09:10:15,048 - INFO - HTTP Request: HEAD https://huggingface.co/google/gemma-4-E2B-it/resolve/main/chat_template.json "HTTP/1.1 404 Not Found"
2026-05-15 09:10:15,251 - INFO - HTTP Request: HEAD https://huggingface.co/google/gemma-4-E2B-it/resolve/main/chat_template.jinja "HTTP/1.1 307 Temporary Redirect"
2026-05-15 09:10:15,265 - INFO - HTTP Request: HEAD https://huggingface.co/api/resolve-cache/models/google/gemma-4-E2B-it/b324173c7d5721c2baba7f3b17b3b9b3d34ab1e9/chat_template.jinja "HTTP/1.1 200 OK"
2026-05-15 09:10:15,437 - INFO - HTTP Request: HEAD https://huggingface.co/google/gemma-4-E2B-it/resolve/main/audio_tokenizer_config.json "HTTP/1.1 404 Not Found"
2026-05-15 09:10:15,591 - INFO - HTTP Request: GET https://huggingface.co/api/models/google/gemma-4-E2B-it/tree/main/additional_chat_templates?recursive=false&expand=false "HTTP/1.1 404 Not Found"
2026-05-15 09:10:15,732 - INFO - HTTP Request: HEAD https://huggingface.co/google/gemma-4-E2B-it/resolve/main/processor_config.json "HTTP/1.1 307 Temporary Redirect"
2026-05-15 09:10:15,744 - INFO - HTTP Request: HEAD https://huggingface.co/api/resolve-cache/models/google/gemma-4-E2B-it/b324173c7d5721c2baba7f3b17b3b9b3d34ab1e9/processor_config.json "HTTP/1.1 200 OK"
2026-05-15 09:10:15,891 - INFO - HTTP Request: HEAD https://huggingface.co/google/gemma-4-E2B-it/resolve/main/chat_template.json "HTTP/1.1 404 Not Found"
2026-05-15 09:10:16,039 - INFO - HTTP Request: HEAD https://huggingface.co/google/gemma-4-E2B-it/resolve/main/chat_template.jinja "HTTP/1.1 307 Temporary Redirect"
2026-05-15 09:10:16,051 - INFO - HTTP Request: HEAD https://huggingface.co/api/resolve-cache/models/google/gemma-4-E2B-it/b324173c7d5721c2baba7f3b17b3b9b3d34ab1e9/chat_template.jinja "HTTP/1.1 200 OK"
2026-05-15 09:10:16,192 - INFO - HTTP Request: HEAD https://huggingface.co/google/gemma-4-E2B-it/resolve/main/audio_tokenizer_config.json "HTTP/1.1 404 Not Found"
2026-05-15 09:10:16,344 - INFO - HTTP Request: HEAD https://huggingface.co/google/gemma-4-E2B-it/resolve/main/processor_config.json "HTTP/1.1 307 Temporary Redirect"
2026-05-15 09:10:16,356 - INFO - HTTP Request: HEAD https://huggingface.co/api/resolve-cache/models/google/gemma-4-E2B-it/b324173c7d5721c2baba7f3b17b3b9b3d34ab1e9/processor_config.json "HTTP/1.1 200 OK"
2026-05-15 09:10:16,510 - INFO - HTTP Request: HEAD https://huggingface.co/google/gemma-4-E2B-it/resolve/main/preprocessor_config.json "HTTP/1.1 404 Not Found"
2026-05-15 09:10:16,722 - INFO - HTTP Request: HEAD https://huggingface.co/google/gemma-4-E2B-it/resolve/main/processor_config.json "HTTP/1.1 307 Temporary Redirect"
2026-05-15 09:10:16,734 - INFO - HTTP Request: HEAD https://huggingface.co/api/resolve-cache/models/google/gemma-4-E2B-it/b324173c7d5721c2baba7f3b17b3b9b3d34ab1e9/processor_config.json "HTTP/1.1 200 OK"
2026-05-15 09:10:16,878 - INFO - HTTP Request: HEAD https://huggingface.co/google/gemma-4-E2B-it/resolve/main/preprocessor_config.json "HTTP/1.1 404 Not Found"
2026-05-15 09:10:17,050 - INFO - HTTP Request: HEAD https://huggingface.co/google/gemma-4-E2B-it/resolve/main/processor_config.json "HTTP/1.1 307 Temporary Redirect"
2026-05-15 09:10:17,061 - INFO - HTTP Request: HEAD https://huggingface.co/api/resolve-cache/models/google/gemma-4-E2B-it/b324173c7d5721c2baba7f3b17b3b9b3d34ab1e9/processor_config.json "HTTP/1.1 200 OK"
2026-05-15 09:10:17,216 - INFO - HTTP Request: HEAD https://huggingface.co/google/gemma-4-E2B-it/resolve/main/preprocessor_config.json "HTTP/1.1 404 Not Found"
2026-05-15 09:10:17,370 - INFO - HTTP Request: HEAD https://huggingface.co/google/gemma-4-E2B-it/resolve/main/processor_config.json "HTTP/1.1 307 Temporary Redirect"
2026-05-15 09:10:17,383 - INFO - HTTP Request: HEAD https://huggingface.co/api/resolve-cache/models/google/gemma-4-E2B-it/b324173c7d5721c2baba7f3b17b3b9b3d34ab1e9/processor_config.json "HTTP/1.1 200 OK"
2026-05-15 09:10:17,540 - INFO - HTTP Request: HEAD https://huggingface.co/google/gemma-4-E2B-it/resolve/main/preprocessor_config.json "HTTP/1.1 404 Not Found"
2026-05-15 09:10:17,694 - INFO - HTTP Request: HEAD https://huggingface.co/google/gemma-4-E2B-it/resolve/main/config.json "HTTP/1.1 307 Temporary Redirect"
2026-05-15 09:10:17,707 - INFO - HTTP Request: HEAD https://huggingface.co/api/resolve-cache/models/google/gemma-4-E2B-it/b324173c7d5721c2baba7f3b17b3b9b3d34ab1e9/config.json "HTTP/1.1 200 OK"
2026-05-15 09:10:17,866 - INFO - HTTP Request: HEAD https://huggingface.co/google/gemma-4-E2B-it/resolve/main/tokenizer_config.json "HTTP/1.1 307 Temporary Redirect"
2026-05-15 09:10:17,879 - INFO - HTTP Request: HEAD https://huggingface.co/api/resolve-cache/models/google/gemma-4-E2B-it/b324173c7d5721c2baba7f3b17b3b9b3d34ab1e9/tokenizer_config.json "HTTP/1.1 200 OK"
2026-05-15 09:10:18,040 - INFO - HTTP Request: GET https://huggingface.co/api/models/google/gemma-4-E2B-it/tree/main/additional_chat_templates?recursive=false&expand=false "HTTP/1.1 404 Not Found"
2026-05-15 09:10:18,178 - INFO - HTTP Request: GET https://huggingface.co/api/models/google/gemma-4-E2B-it/tree/main?recursive=true&expand=false "HTTP/1.1 200 OK"
2026-05-15 09:10:23,802 - INFO - HTTP Request: GET https://huggingface.co/api/models/google/gemma-4-E2B-it "HTTP/1.1 200 OK"
2026-05-15 09:10:24,016 - INFO - HTTP Request: HEAD https://huggingface.co/google/gemma-4-E2B-it/resolve/main/processor_config.json "HTTP/1.1 307 Temporary Redirect"
2026-05-15 09:10:24,028 - INFO - HTTP Request: HEAD https://huggingface.co/api/resolve-cache/models/google/gemma-4-E2B-it/b324173c7d5721c2baba7f3b17b3b9b3d34ab1e9/processor_config.json "HTTP/1.1 200 OK"
2026-05-15 09:10:24,171 - INFO - HTTP Request: HEAD https://huggingface.co/google/gemma-4-E2B-it/resolve/main/video_preprocessor_config.json "HTTP/1.1 404 Not Found"
2026-05-15 09:10:24,328 - INFO - HTTP Request: HEAD https://huggingface.co/google/gemma-4-E2B-it/resolve/main/preprocessor_config.json "HTTP/1.1 404 Not Found"
2026-05-15 09:10:24,471 - INFO - HTTP Request: HEAD https://huggingface.co/google/gemma-4-E2B-it/resolve/main/processor_config.json "HTTP/1.1 307 Temporary Redirect"
2026-05-15 09:10:24,486 - INFO - HTTP Request: HEAD https://huggingface.co/api/resolve-cache/models/google/gemma-4-E2B-it/b324173c7d5721c2baba7f3b17b3b9b3d34ab1e9/processor_config.json "HTTP/1.1 200 OK"
2026-05-15 09:10:24,635 - INFO - HTTP Request: HEAD https://huggingface.co/google/gemma-4-E2B-it/resolve/main/video_preprocessor_config.json "HTTP/1.1 404 Not Found"
2026-05-15 09:10:24,774 - INFO - HTTP Request: HEAD https://huggingface.co/google/gemma-4-E2B-it/resolve/main/preprocessor_config.json "HTTP/1.1 404 Not Found"
2026-05-15 09:10:24,929 - INFO - HTTP Request: HEAD https://huggingface.co/google/gemma-4-E2B-it/resolve/main/config.json "HTTP/1.1 307 Temporary Redirect"
2026-05-15 09:10:24,941 - INFO - HTTP Request: HEAD https://huggingface.co/api/resolve-cache/models/google/gemma-4-E2B-it/b324173c7d5721c2baba7f3b17b3b9b3d34ab1e9/config.json "HTTP/1.1 200 OK"
2026-05-15 09:10:29,388 - INFO - HTTP Request: HEAD https://huggingface.co/google/gemma-4-E2B-it/resolve/main/generation_config.json "HTTP/1.1 307 Temporary Redirect"
2026-05-15 09:10:29,407 - INFO - HTTP Request: HEAD https://huggingface.co/api/resolve-cache/models/google/gemma-4-E2B-it/b324173c7d5721c2baba7f3b17b3b9b3d34ab1e9/generation_config.json "HTTP/1.1 200 OK"
2026-05-15 09:10:29,556 - INFO - HTTP Request: HEAD https://huggingface.co/google/gemma-4-E2B-it/resolve/main/custom_generate/generate.py "HTTP/1.1 404 Not Found"
